{"stats":{"minecraft:mined":{"minecraft:potatoes":7,"farmersdelight:onions":7,"farmersdelight:organic_compost":1},"minecraft:picked_up":{"farmersdelight:organic_compost":1,"farmersdelight:onion":7,"minecraft:potato":6},"minecraft:custom":{"minecraft:jump":8,"minecraft:time_since_rest":35233,"minecraft:leave_game":5,"minecraft:play_time":35233,"minecraft:sprint_one_cm":605,"minecraft:damage_taken":20,"minecraft:time_since_death":35233,"minecraft:walk_one_cm":4038,"minecraft:sneak_time":94,"minecraft:total_world_time":35233,"minecraft:fall_one_cm":617,"minecraft:fly_one_cm":40416}},"DataVersion":3465}