{"stats":{"minecraft:used":{"minecraft:wooden_axe":37,"minecraft:dirt":2,"minecraft:crafting_table":1,"minecraft:spruce_sapling":3},"minecraft:picked_up":{"minecraft:crafting_table":1,"minecraft:stick":13,"minecraft:spruce_sapling":12,"minecraft:spruce_log":21,"minecraft:dirt":2},"minecraft:mined":{"minecraft:grass_block":2,"minecraft:spruce_sapling":1,"minecraft:packed_ice":16,"minecraft:spruce_leaves":1,"minecraft:spruce_log":2,"treechop:chopped_log":1,"minecraft:crafting_table":1},"minecraft:crafted":{"minecraft:wooden_axe":1},"minecraft:custom":{"minecraft:time_since_rest":9223,"minecraft:play_time":10266,"minecraft:sprint_one_cm":27487,"minecraft:walk_one_cm":41003,"minecraft:damage_taken":2540,"minecraft:deaths":1,"minecraft:sneak_time":6,"incapacitated:times_incapped":1,"minecraft:walk_under_water_one_cm":3888,"minecraft:jump":235,"minecraft:walk_on_water_one_cm":5633,"minecraft:time_since_death":9204,"minecraft:climb_one_cm":173,"minecraft:total_world_time":10266,"minecraft:swim_one_cm":342,"minecraft:interact_with_crafting_table":1,"minecraft:fall_one_cm":10779,"minecraft:fly_one_cm":46761}},"DataVersion":3465}