{"stats":{"minecraft:used":{"minecraft:chainmail_chestplate":12,"minecraft:cod":2,"minecraft:iron_chestplate":12,"minecraft:salmon":1},"minecraft:custom":{"minecraft:jump":300,"minecraft:time_since_rest":17103,"minecraft:crouch_one_cm":253,"lootr:looted_stat":4,"minecraft:walk_on_water_one_cm":2537,"minecraft:sprint_one_cm":44831,"minecraft:leave_game":3,"minecraft:play_time":17103,"minecraft:damage_taken":196,"minecraft:time_since_death":17103,"minecraft:walk_one_cm":35321,"minecraft:sneak_time":157,"minecraft:total_world_time":17103,"minecraft:walk_under_water_one_cm":1097,"minecraft:swim_one_cm":12,"minecraft:fall_one_cm":9733,"minecraft:fly_one_cm":36899},"minecraft:mined":{"minecraft:packed_ice":1}},"DataVersion":3465}