{"stats":{"minecraft:killed":{"minecraft:spider":1,"minecraft:vindicator":6,"minecraft:skeleton":3,"iceandfire:siren":1,"aquamirae:golden_moth":2,"aquamirae:maw":7,"minecraft:creeper":1,"minecraft:pillager":12,"minecraft:zombie":8,"aquamirae:anglerfish":1,"minecraft:player":1,"minecraft:cow":1},"minecraft:dropped":{"minecraft:wheat_seeds":7,"minecraft:lapis_lazuli":9,"minecraft:dark_oak_sapling":1,"minecraft:prismarine_crystals":5,"minecraft:cobblestone":1,"minecraft:crossbow":1,"minecraft:item_frame":2,"minecraft:wooden_axe":1,"minecraft:snowball":24,"minecraft:gold_nugget":6,"minecraft:wooden_sword":1,"minecraft:string":10,"horseshoes:iron_horseshoes":5,"minecraft:stone_axe":1,"minecraft:bowl":6,"minecraft:wheat":4,"minecraft:rotten_flesh":4,"minecraft:suspicious_stew":1,"minecraft:shield":1,"minecraft:spruce_planks":54,"aquamirae:remnants_saber":1,"minecraft:leather_boots":1,"iceandfire:frost_lily":1,"minecraft:leather_leggings":1,"minecraft:spider_eye":1,"minecraft:wooden_pickaxe":1,"minecraft:stone_pickaxe":1},"minecraft:killed_by":{"minecraft:player":1,"minecraft:pillager":1,"minecraft:vindicator":3,"iceandfire:ice_dragon":4,"minecraft:skeleton":1},"minecraft:used":{"minecraft:stone_sword":8,"minecraft:iron_shovel":11,"minecraft:ladder":2,"minecraft:spruce_planks":62,"minecraft:shield":33,"minecraft:iron_sword":41,"minecraft:cooked_salmon":1,"minecraft:rotten_flesh":1,"minecraft:dirt":18,"minecraft:carrot":9,"minecraft:snowball":14,"minecraft:wooden_axe":19,"minecraft:iron_axe":28,"aquamirae:fin":1,"aquamirae:sharp_bones":1,"minecraft:beef":2,"minecraft:furnace":4,"minecraft:cooked_cod":1,"minecraft:cooked_mutton":1,"minecraft:stone_pickaxe":26,"minecraft:leather_chestplate":1,"minecraft:wooden_pickaxe":29,"aquamirae:remnants_saber":76,"minecraft:salmon":6,"iceandfire:frozen_dirt":2,"minecraft:crafting_table":12,"minecraft:white_bed":1,"minecraft:crossbow":1,"minecraft:cod":17,"minecraft:spruce_log":1,"soulsweapons:holy_greatsword":48,"minecraft:bread":13,"minecraft:suspicious_stew":2,"minecraft:iron_pickaxe":81,"minecraft:spruce_sapling":6,"minecraft:stone_axe":25,"minecraft:fishing_rod":3,"minecraft:wooden_sword":51,"minecraft:cobblestone":4,"minecraft:yellow_bed":2},"minecraft:broken":{"minecraft:leather_helmet":2,"minecraft:leather_chestplate":1,"minecraft:wooden_sword":1,"minecraft:leather_boots":1},"minecraft:picked_up":{"minecraft:wheat":2,"minecraft:crafting_table":8,"minecraft:ladder":2,"aquamirae:sharp_bones":1,"minecraft:string":24,"minecraft:iron_axe":1,"aquamirae:pirate_pouch":2,"minecraft:cooked_salmon":2,"minecraft:wooden_sword":1,"minecraft:item_frame":2,"minecraft:gold_nugget":6,"iceandfire:frost_lily":1,"minecraft:spruce_planks":9,"minecraft:beef":2,"minecraft:poppy":1,"minecraft:spruce_slab":2,"minecraft:furnace":2,"minecraft:dark_oak_sapling":6,"minecraft:raw_iron":10,"minecraft:stick":15,"minecraft:oak_fence":1,"minecraft:torch":3,"minecraft:carrot":1,"aquamirae:esca":1,"minecraft:prismarine_crystals":5,"minecraft:dark_oak_planks":2,"minecraft:arrow":5,"minecraft:rotten_flesh":5,"minecraft:cooked_cod":1,"minecraft:cod":1,"minecraft:snowball":38,"minecraft:cobblestone":53,"create:raw_zinc":6,"minecraft:oak_log":1,"minecraft:yellow_bed":2,"minecraft:gunpowder":2,"minecraft:dirt":19,"aquamirae:fin":9,"minecraft:cooked_mutton":1,"minecraft:bone":7,"minecraft:wheat_seeds":9,"minecraft:spruce_wood":2,"minecraft:oak_fence_gate":1,"iceandfire:shiny_scales":2,"minecraft:spruce_sapling":6,"minecraft:dark_oak_log":20,"minecraft:spruce_log":52,"minecraft:spider_eye":1,"iceandfire:frozen_dirt":2,"create:crimsite":8,"minecraft:crossbow":3,"minecraft:emerald":14,"iceandfire:gorgon_head":1,"minecraft:coal":14,"iceandfire:raw_silver":4},"minecraft:mined":{"minecraft:dark_oak_planks":2,"create:zinc_ore":6,"minecraft:spruce_planks":9,"iceandfire:silver_ore":4,"minecraft:grass_block":10,"minecraft:spruce_leaves":8,"minecraft:furnace":2,"minecraft:iron_ore":10,"minecraft:snow":2,"treechop:chopped_log":10,"minecraft:vine":2,"minecraft:packed_ice":44,"iceandfire:frost_lily":1,"minecraft:spruce_wood":2,"minecraft:stone":49,"minecraft:spruce_slab":2,"minecraft:podzol":4,"minecraft:glass_pane":1,"minecraft:snow_block":9,"minecraft:oak_fence":1,"minecraft:crafting_table":9,"iceandfire:dragon_ice_spikes":1,"iceandfire:frozen_dirt":2,"minecraft:tall_grass":11,"minecraft:cobblestone":3,"minecraft:ice":1,"minecraft:spruce_log":7,"minecraft:yellow_bed":2,"minecraft:grass":19,"minecraft:coal_ore":8,"minecraft:oak_log":1,"minecraft:oak_fence_gate":1,"minecraft:dirt":5,"minecraft:cobweb":12,"create:crimsite":8},"minecraft:custom":{"lootr:looted_stat":82,"incapacitated:times_incapped":15,"minecraft:mob_kills":47,"minecraft:interact_with_crafting_table":41,"minecraft:open_barrel":33,"minecraft:interact_with_campfire":3,"minecraft:leave_game":6,"minecraft:time_since_death":21363,"minecraft:climb_one_cm":6674,"minecraft:sprint_one_cm":247420,"minecraft:walk_one_cm":270071,"minecraft:damage_blocked_by_shield":1265,"minecraft:drop":48,"minecraft:play_time":132244,"minecraft:deaths":13,"minecraft:sneak_time":4459,"minecraft:walk_under_water_one_cm":12753,"minecraft:jump":3513,"minecraft:interact_with_blast_furnace":3,"minecraft:walk_on_water_one_cm":20491,"minecraft:total_world_time":132244,"minecraft:interact_with_furnace":15,"minecraft:sleep_in_bed":1,"minecraft:time_since_rest":21407,"minecraft:damage_taken":20699,"minecraft:damage_dealt":9953,"minecraft:swim_one_cm":33760,"minecraft:fly_one_cm":894095,"minecraft:player_kills":1,"minecraft:crouch_one_cm":13027,"incapacitated:times_revived":1,"minecraft:fish_caught":1,"minecraft:fall_one_cm":47855},"minecraft:crafted":{"minecraft:wooden_sword":1,"minecraft:fishing_rod":1,"minecraft:furnace":3,"soulsweapons:holy_greatsword":2,"minecraft:iron_axe":2,"minecraft:stone_pickaxe":1,"supplementaries:flute":1,"minecraft:crafting_table":1,"minecraft:spruce_planks":48,"minecraft:wooden_pickaxe":3,"minecraft:iron_sword":2,"minecraft:bowl":4,"minecraft:stone_axe":1,"minecraft:bread":30,"minecraft:air":0,"aquamirae:remnants_saber":1,"minecraft:white_wool":3,"minecraft:iron_chestplate":1,"minecraft:shield":3,"minecraft:stick":8,"minecraft:iron_pickaxe":1,"minecraft:iron_ingot":6,"minecraft:wooden_axe":2,"minecraft:stone_sword":1,"minecraft:gold_ingot":3,"minecraft:iron_leggings":1,"minecraft:white_bed":1}},"DataVersion":3465}