{"stats":{"minecraft:broken":{"minecraft:leather_helmet":1},"minecraft:killed":{"minecraft:vindicator":2,"minecraft:creeper":1,"minecraft:skeleton":1,"minecraft:pillager":6,"minecraft:zombie":2,"aquamirae:anglerfish":1,"aquamirae:golden_moth":1,"minecraft:player":1},"minecraft:killed_by":{"minecraft:vindicator":2,"minecraft:player":1,"minecraft:skeleton":1},"minecraft:crafted":{"minecraft:wooden_sword":1,"minecraft:crafting_table":1,"minecraft:spruce_planks":36,"minecraft:wooden_pickaxe":2,"minecraft:iron_sword":1,"minecraft:bowl":4,"minecraft:furnace":1,"soulsweapons:holy_greatsword":1,"minecraft:stone_axe":1,"minecraft:air":0,"minecraft:iron_chestplate":1,"minecraft:shield":2,"minecraft:iron_axe":1,"minecraft:stick":8,"minecraft:iron_ingot":6,"minecraft:iron_pickaxe":1,"minecraft:stone_pickaxe":1,"minecraft:wooden_axe":1,"minecraft:stone_sword":1,"minecraft:iron_leggings":1},"minecraft:used":{"minecraft:stone_sword":8,"minecraft:stone_pickaxe":26,"minecraft:ladder":2,"minecraft:wooden_pickaxe":15,"minecraft:spruce_planks":42,"minecraft:shield":33,"minecraft:iron_sword":41,"minecraft:cooked_salmon":1,"minecraft:salmon":6,"minecraft:dirt":4,"minecraft:crafting_table":7,"minecraft:carrot":5,"minecraft:crossbow":1,"minecraft:cod":15,"minecraft:spruce_log":1,"minecraft:wooden_axe":3,"soulsweapons:holy_greatsword":19,"minecraft:iron_axe":14,"minecraft:iron_pickaxe":3,"aquamirae:fin":1,"minecraft:spruce_sapling":2,"minecraft:stone_axe":25,"minecraft:wooden_sword":30,"minecraft:cobblestone":1,"minecraft:furnace":2},"minecraft:dropped":{"minecraft:stone_axe":1,"minecraft:wheat_seeds":1,"minecraft:crossbow":1,"minecraft:item_frame":2,"minecraft:shield":1,"minecraft:spruce_planks":54,"minecraft:wooden_axe":1,"minecraft:leather_leggings":1,"minecraft:wooden_sword":1,"minecraft:gold_nugget":4,"minecraft:stone_pickaxe":1,"minecraft:wooden_pickaxe":1},"minecraft:picked_up":{"minecraft:crafting_table":5,"minecraft:ladder":2,"minecraft:gunpowder":2,"minecraft:string":12,"minecraft:dirt":4,"minecraft:wooden_sword":1,"aquamirae:fin":3,"minecraft:iron_axe":1,"minecraft:cooked_salmon":2,"minecraft:item_frame":2,"minecraft:bone":1,"minecraft:wheat_seeds":1,"minecraft:gold_nugget":4,"iceandfire:frost_lily":1,"minecraft:spruce_planks":3,"minecraft:spruce_wood":2,"minecraft:oak_fence_gate":1,"minecraft:poppy":1,"minecraft:furnace":2,"minecraft:stick":4,"minecraft:raw_iron":10,"minecraft:oak_fence":1,"minecraft:spruce_sapling":2,"minecraft:spruce_log":38,"aquamirae:esca":1,"minecraft:arrow":1,"minecraft:crossbow":2,"minecraft:emerald":8,"iceandfire:gorgon_head":1,"minecraft:coal":14,"minecraft:cobblestone":22},"minecraft:custom":{"lootr:looted_stat":40,"minecraft:interact_with_furnace":12,"incapacitated:times_incapped":6,"minecraft:mob_kills":16,"minecraft:interact_with_crafting_table":18,"minecraft:open_barrel":21,"minecraft:interact_with_campfire":2,"minecraft:leave_game":4,"minecraft:time_since_death":12078,"minecraft:climb_one_cm":3326,"minecraft:time_since_rest":12105,"minecraft:sprint_one_cm":124838,"minecraft:damage_taken":4478,"minecraft:walk_one_cm":138787,"minecraft:damage_blocked_by_shield":1265,"minecraft:drop":16,"minecraft:damage_dealt":3642,"minecraft:swim_one_cm":11822,"minecraft:player_kills":1,"minecraft:fly_one_cm":398404,"minecraft:crouch_one_cm":4079,"minecraft:play_time":67568,"minecraft:deaths":4,"minecraft:sneak_time":1944,"minecraft:walk_under_water_one_cm":5184,"incapacitated:times_revived":1,"minecraft:jump":1337,"minecraft:interact_with_blast_furnace":2,"minecraft:walk_on_water_one_cm":7863,"minecraft:total_world_time":67568,"minecraft:fall_one_cm":24473},"minecraft:mined":{"minecraft:spruce_planks":3,"minecraft:oak_fence":1,"minecraft:crafting_table":6,"minecraft:grass_block":3,"minecraft:cobblestone":3,"minecraft:furnace":2,"minecraft:iron_ore":10,"minecraft:spruce_log":2,"treechop:chopped_log":7,"minecraft:grass":5,"minecraft:coal_ore":8,"minecraft:vine":1,"minecraft:oak_fence_gate":1,"minecraft:dirt":1,"minecraft:packed_ice":3,"minecraft:cobweb":12,"iceandfire:frost_lily":1,"minecraft:spruce_wood":2,"minecraft:stone":19}},"DataVersion":3465}