{"stats":{"minecraft:broken":{"minecraft:leather_helmet":1,"minecraft:wooden_sword":1},"minecraft:killed":{"minecraft:vindicator":6,"minecraft:creeper":1,"minecraft:skeleton":1,"minecraft:pillager":12,"minecraft:zombie":3,"aquamirae:anglerfish":1,"aquamirae:golden_moth":1,"minecraft:player":1,"minecraft:cow":1},"minecraft:killed_by":{"minecraft:vindicator":3,"minecraft:player":1,"iceandfire:ice_dragon":3,"minecraft:skeleton":1,"minecraft:pillager":1},"minecraft:crafted":{"minecraft:wooden_sword":1,"minecraft:fishing_rod":1,"minecraft:crafting_table":1,"minecraft:spruce_planks":48,"minecraft:wooden_pickaxe":2,"minecraft:iron_sword":1,"minecraft:bowl":4,"minecraft:furnace":1,"soulsweapons:holy_greatsword":1,"minecraft:stone_axe":1,"minecraft:bread":30,"minecraft:air":0,"aquamirae:remnants_saber":1,"minecraft:iron_chestplate":1,"minecraft:shield":3,"minecraft:iron_axe":1,"minecraft:stick":8,"minecraft:iron_ingot":6,"minecraft:iron_pickaxe":1,"minecraft:stone_pickaxe":1,"minecraft:wooden_axe":1,"minecraft:gold_ingot":3,"minecraft:stone_sword":1,"minecraft:iron_leggings":1,"supplementaries:flute":1},"minecraft:used":{"minecraft:cooked_mutton":1,"minecraft:stone_sword":8,"minecraft:stone_pickaxe":26,"minecraft:ladder":2,"minecraft:leather_chestplate":1,"minecraft:spruce_planks":59,"minecraft:wooden_pickaxe":21,"minecraft:shield":33,"minecraft:iron_sword":41,"minecraft:cooked_salmon":1,"aquamirae:remnants_saber":38,"minecraft:salmon":6,"iceandfire:frozen_dirt":2,"minecraft:dirt":18,"minecraft:crafting_table":9,"minecraft:carrot":8,"minecraft:crossbow":1,"minecraft:cod":17,"minecraft:spruce_log":1,"minecraft:wooden_axe":3,"soulsweapons:holy_greatsword":19,"minecraft:iron_axe":14,"minecraft:bread":2,"minecraft:suspicious_stew":2,"minecraft:iron_pickaxe":3,"minecraft:spruce_sapling":2,"aquamirae:fin":1,"minecraft:stone_axe":25,"aquamirae:sharp_bones":1,"minecraft:wooden_sword":51,"minecraft:cobblestone":4,"minecraft:beef":2,"minecraft:furnace":2},"minecraft:dropped":{"minecraft:stone_axe":1,"minecraft:wheat_seeds":7,"minecraft:bowl":2,"minecraft:wheat":2,"minecraft:crossbow":1,"minecraft:item_frame":2,"minecraft:shield":1,"minecraft:spruce_planks":54,"minecraft:wooden_axe":1,"minecraft:leather_boots":1,"minecraft:leather_leggings":1,"minecraft:wooden_sword":1,"minecraft:gold_nugget":4,"minecraft:stone_pickaxe":1,"minecraft:wooden_pickaxe":1,"minecraft:string":10},"minecraft:picked_up":{"minecraft:crafting_table":6,"minecraft:ladder":2,"minecraft:cooked_mutton":1,"minecraft:gunpowder":2,"aquamirae:pirate_pouch":2,"minecraft:dirt":18,"minecraft:string":12,"aquamirae:fin":3,"minecraft:iron_axe":1,"minecraft:cooked_salmon":2,"minecraft:wooden_sword":1,"minecraft:item_frame":2,"minecraft:bone":1,"minecraft:wheat_seeds":9,"minecraft:gold_nugget":4,"minecraft:beef":2,"minecraft:spruce_planks":8,"iceandfire:frost_lily":1,"minecraft:spruce_wood":2,"minecraft:oak_fence_gate":1,"minecraft:poppy":1,"minecraft:furnace":2,"minecraft:stick":4,"minecraft:raw_iron":10,"minecraft:oak_fence":1,"minecraft:torch":3,"minecraft:spruce_sapling":2,"minecraft:spruce_log":41,"iceandfire:frozen_dirt":2,"aquamirae:esca":1,"minecraft:rotten_flesh":1,"minecraft:arrow":1,"minecraft:crossbow":3,"minecraft:emerald":14,"iceandfire:gorgon_head":1,"minecraft:coal":14,"minecraft:cobblestone":23},"minecraft:custom":{"minecraft:interact_with_furnace":12,"lootr:looted_stat":77,"incapacitated:times_incapped":13,"minecraft:mob_kills":29,"minecraft:interact_with_crafting_table":33,"minecraft:open_barrel":32,"minecraft:interact_with_campfire":2,"minecraft:leave_game":6,"minecraft:time_since_death":2942,"minecraft:sleep_in_bed":1,"minecraft:climb_one_cm":6017,"minecraft:time_since_rest":2973,"minecraft:sprint_one_cm":163647,"minecraft:damage_taken":18965,"minecraft:walk_one_cm":188568,"minecraft:damage_blocked_by_shield":1265,"minecraft:drop":27,"minecraft:damage_dealt":6397,"minecraft:swim_one_cm":19302,"minecraft:player_kills":1,"minecraft:fly_one_cm":489243,"minecraft:crouch_one_cm":8546,"minecraft:play_time":99332,"minecraft:deaths":11,"minecraft:sneak_time":3586,"minecraft:walk_under_water_one_cm":6542,"incapacitated:times_revived":1,"minecraft:jump":1793,"minecraft:interact_with_blast_furnace":3,"minecraft:walk_on_water_one_cm":10367,"minecraft:total_world_time":99332,"minecraft:fall_one_cm":34780},"minecraft:mined":{"minecraft:podzol":4,"minecraft:spruce_planks":8,"iceandfire:dragon_ice_spikes":1,"minecraft:oak_fence":1,"minecraft:crafting_table":7,"minecraft:grass_block":9,"iceandfire:frozen_dirt":2,"minecraft:tall_grass":11,"minecraft:cobblestone":3,"minecraft:furnace":2,"minecraft:iron_ore":10,"minecraft:spruce_log":5,"treechop:chopped_log":7,"minecraft:grass":14,"minecraft:coal_ore":8,"minecraft:vine":1,"minecraft:oak_fence_gate":1,"minecraft:dirt":5,"minecraft:packed_ice":6,"minecraft:cobweb":12,"minecraft:spruce_wood":2,"iceandfire:frost_lily":1,"minecraft:stone":19}},"DataVersion":3465}