{"stats":{"minecraft:mined":{"minecraft:dark_oak_planks":2,"create:zinc_ore":6,"minecraft:red_carpet":4,"minecraft:spruce_planks":9,"minecraft:white_bed":3,"iceandfire:silver_ore":4,"minecraft:grass_block":12,"iceandfire:frozen_grass":1,"minecraft:spruce_leaves":8,"minecraft:spawner":8,"minecraft:furnace":2,"minecraft:iron_ore":10,"minecraft:snow":2,"treechop:chopped_log":10,"minecraft:vine":3,"minecraft:spruce_pressure_plate":2,"minecraft:packed_ice":67,"minecraft:spruce_wood":2,"iceandfire:frost_lily":1,"minecraft:stone":55,"minecraft:spruce_slab":2,"minecraft:podzol":4,"minecraft:glass_pane":1,"minecraft:snow_block":10,"minecraft:oak_fence":1,"minecraft:crafting_table":11,"iceandfire:dragon_ice_spikes":3,"minecraft:torch":1,"iceandfire:frozen_dirt":2,"minecraft:tall_grass":11,"minecraft:cobblestone":3,"minecraft:wall_torch":3,"lootr:trophy":1,"minecraft:ice":1,"minecraft:spruce_log":7,"minecraft:yellow_bed":3,"minecraft:grass":25,"minecraft:oak_log":1,"minecraft:coal_ore":8,"minecraft:oak_fence_gate":1,"minecraft:gravel":9,"minecraft:dirt":5,"minecraft:cobweb":12,"create:crimsite":8},"minecraft:picked_up":{"minecraft:crafting_table":10,"minecraft:wheat":2,"minecraft:ladder":2,"minecraft:golden_sword":1,"aquamirae:sharp_bones":2,"minecraft:string":24,"aquamirae:pirate_pouch":3,"minecraft:iron_axe":1,"minecraft:cooked_salmon":2,"minecraft:wooden_sword":1,"minecraft:item_frame":2,"minecraft:gold_nugget":6,"iceandfire:frost_lily":1,"minecraft:spruce_planks":9,"minecraft:beef":2,"minecraft:poppy":1,"minecraft:spruce_slab":2,"minecraft:furnace":2,"iceandfire:pixie_dust":1,"minecraft:dark_oak_sapling":6,"minecraft:spruce_pressure_plate":2,"minecraft:stick":17,"minecraft:raw_iron":10,"minecraft:oak_fence":1,"minecraft:torch":7,"minecraft:carrot":1,"aquamirae:esca":1,"minecraft:prismarine_crystals":5,"minecraft:dark_oak_planks":2,"minecraft:arrow":7,"minecraft:rotten_flesh":5,"minecraft:cooked_cod":1,"minecraft:cod":1,"minecraft:snowball":46,"minecraft:cobblestone":59,"minecraft:feather":2,"minecraft:dark_oak_boat":1,"aquamirae:spinefish":1,"supplementaries:flute":1,"create:raw_zinc":9,"minecraft:oak_log":1,"minecraft:yellow_bed":2,"minecraft:gunpowder":2,"minecraft:stripped_birch_log":3,"minecraft:dirt":19,"lootr:trophy":1,"aquamirae:fin":10,"minecraft:cooked_mutton":1,"minecraft:bone":7,"minecraft:wheat_seeds":10,"minecraft:spruce_wood":2,"minecraft:oak_fence_gate":1,"minecraft:gravel":9,"iceandfire:shiny_scales":2,"minecraft:spruce_sapling":6,"minecraft:white_bed":2,"minecraft:spruce_log":52,"iceandfire:frozen_dirt":2,"minecraft:dark_oak_log":20,"minecraft:spider_eye":1,"create:crimsite":8,"minecraft:crossbow":3,"minecraft:painting":1,"minecraft:emerald":17,"iceandfire:gorgon_head":1,"minecraft:coal":14,"iceandfire:raw_silver":5},"minecraft:killed":{"minecraft:spider":1,"minecraft:vindicator":19,"minecraft:skeleton":3,"iceandfire:siren":1,"minecraft:illusioner":1,"aquamirae:golden_moth":2,"minecraft:parrot":1,"aquamirae:maw":8,"minecraft:creeper":1,"minecraft:pillager":16,"iceandfire:ghost":2,"minecraft:zombie":8,"aquamirae:anglerfish":1,"iceandfire:pixie":1,"minecraft:player":1,"minecraft:cow":1},"minecraft:used":{"minecraft:stone_sword":8,"minecraft:iron_shovel":20,"minecraft:ladder":2,"minecraft:spruce_planks":62,"minecraft:shield":101,"minecraft:iron_sword":41,"lootr:trophy":1,"minecraft:cooked_salmon":1,"minecraft:rotten_flesh":1,"minecraft:torch":4,"minecraft:dirt":18,"minecraft:carrot":9,"minecraft:snowball":14,"minecraft:dark_oak_planks":10,"minecraft:wooden_axe":19,"minecraft:iron_axe":30,"aquamirae:fin":1,"aquamirae:sharp_bones":1,"minecraft:dark_oak_boat":1,"minecraft:beef":2,"minecraft:furnace":4,"minecraft:cooked_cod":1,"minecraft:cooked_mutton":1,"minecraft:stone_pickaxe":26,"minecraft:wooden_pickaxe":29,"minecraft:leather_chestplate":1,"aquamirae:remnants_saber":76,"minecraft:salmon":6,"iceandfire:frozen_dirt":2,"minecraft:crafting_table":14,"minecraft:white_bed":3,"minecraft:crossbow":2,"minecraft:cod":17,"minecraft:spruce_log":1,"soulsweapons:holy_greatsword":203,"minecraft:iron_pickaxe":129,"minecraft:bread":36,"minecraft:suspicious_stew":2,"minecraft:spruce_sapling":6,"minecraft:stone_axe":25,"minecraft:fishing_rod":3,"minecraft:wooden_sword":51,"minecraft:cobblestone":4,"minecraft:yellow_bed":2},"minecraft:dropped":{"iceandfire:raw_silver":1,"minecraft:wheat_seeds":8,"minecraft:lapis_lazuli":9,"minecraft:dark_oak_sapling":1,"minecraft:crossbow":1,"minecraft:cobblestone":1,"minecraft:prismarine_crystals":5,"minecraft:item_frame":2,"minecraft:wooden_axe":1,"minecraft:snowball":32,"minecraft:stripped_birch_log":3,"minecraft:wooden_sword":1,"minecraft:gold_nugget":6,"minecraft:string":10,"create:raw_zinc":3,"horseshoes:iron_horseshoes":5,"minecraft:stone_axe":1,"minecraft:bowl":6,"minecraft:wheat":4,"minecraft:rotten_flesh":4,"minecraft:suspicious_stew":1,"minecraft:leather_chestplate":1,"minecraft:shield":1,"minecraft:spruce_planks":54,"create:zinc_ingot":5,"minecraft:spruce_pressure_plate":2,"iceandfire:silver_ingot":4,"minecraft:leather_boots":1,"aquamirae:remnants_saber":1,"iceandfire:frost_lily":1,"minecraft:leather_leggings":1,"minecraft:spider_eye":1,"minecraft:painting":1,"minecraft:wooden_pickaxe":1,"minecraft:stone_pickaxe":1,"supplementaries:flute":1},"minecraft:killed_by":{"minecraft:player":1,"minecraft:pillager":2,"minecraft:vindicator":5,"iceandfire:ice_dragon":5,"minecraft:skeleton":1,"minecraft:illusioner":1},"minecraft:crafted":{"minecraft:wooden_sword":1,"minecraft:fishing_rod":1,"minecraft:dark_oak_boat":1,"minecraft:furnace":3,"soulsweapons:holy_greatsword":2,"minecraft:iron_axe":2,"minecraft:stone_pickaxe":1,"minecraft:dark_oak_planks":16,"supplementaries:flute":1,"iceandfire:silver_ingot":4,"minecraft:crafting_table":2,"minecraft:spruce_planks":48,"minecraft:wooden_pickaxe":3,"minecraft:iron_sword":2,"minecraft:bowl":4,"minecraft:stone_axe":1,"minecraft:bread":30,"minecraft:air":0,"aquamirae:remnants_saber":1,"minecraft:white_wool":3,"minecraft:iron_chestplate":1,"minecraft:shield":4,"minecraft:stick":8,"minecraft:iron_ingot":6,"minecraft:iron_pickaxe":1,"minecraft:wooden_axe":2,"minecraft:stone_sword":1,"minecraft:iron_leggings":1,"minecraft:gold_ingot":3,"minecraft:white_bed":1,"create:zinc_ingot":5},"minecraft:broken":{"minecraft:leather_helmet":2,"minecraft:leather_chestplate":1,"minecraft:shield":1,"minecraft:wooden_sword":1,"minecraft:leather_boots":1},"minecraft:custom":{"lootr:looted_stat":156,"incapacitated:times_incapped":20,"minecraft:mob_kills":71,"minecraft:interact_with_crafting_table":43,"minecraft:open_barrel":33,"minecraft:interact_with_campfire":3,"minecraft:leave_game":8,"minecraft:time_since_death":4489,"minecraft:climb_one_cm":6834,"minecraft:sprint_one_cm":327838,"minecraft:walk_one_cm":352354,"minecraft:damage_blocked_by_shield":1711,"minecraft:drop":59,"minecraft:play_time":158396,"minecraft:sneak_time":4607,"minecraft:deaths":18,"minecraft:walk_under_water_one_cm":23651,"minecraft:boat_one_cm":70031,"minecraft:jump":4333,"minecraft:interact_with_blast_furnace":3,"minecraft:walk_on_water_one_cm":26376,"minecraft:total_world_time":158396,"minecraft:interact_with_furnace":20,"minecraft:tune_noteblock":1,"minecraft:sleep_in_bed":1,"minecraft:time_since_rest":4705,"minecraft:damage_taken":27015,"minecraft:trigger_trapped_chest":3,"minecraft:damage_dealt":15903,"minecraft:player_kills":1,"minecraft:swim_one_cm":57798,"minecraft:fly_one_cm":1127383,"minecraft:crouch_one_cm":13353,"incapacitated:times_revived":1,"minecraft:fish_caught":1,"minecraft:fall_one_cm":55290}},"DataVersion":3465}