{"stats":{"minecraft:mined":{"minecraft:dark_oak_planks":6,"minecraft:spruce_planks":9,"minecraft:farmland":1,"minecraft:grass_block":19,"minecraft:spawner":1,"farm_and_charm:corn_crop":1,"minecraft:dark_oak_trapdoor":1,"minecraft:iron_ore":12,"minecraft:pumpkin":12,"minecraft:dark_oak_stairs":1,"diagonalfences:minecraft/spruce_fence":64,"minecraft:dirt_path":5,"minecraft:small_amethyst_bud":1,"farm_and_charm:wild_strawberries":33,"minecraft:blue_orchid":5,"minecraft:stripped_mangrove_wood":3,"farmersdelight:wild_potatoes":14,"minecraft:brown_mushroom":6,"brewery:wild_hops":6,"minecraft:red_bed":2,"farm_and_charm:wild_beetroots":14,"minecraft:clay":43,"minecraft:torch":1,"farm_and_charm:wild_carrots":33,"minecraft:blast_furnace":12,"minecraft:calcite":1,"minecraft:chest":1,"farmersdelight:cabbages":12,"minecraft:cobblestone":1,"brewery:hops_crop":3,"minecraft:sugar_cane":16,"minecraft:oak_planks":4,"minecraft:iron_door":1,"minecraft:seagrass":1,"farmersdelight:sandy_shrub":10,"minecraft:dark_oak_slab":1,"farm_and_charm:wild_onions":20,"farmersdelight:cutting_board":1,"minecraft:wheat":206,"minecraft:pumpkin_stem":1,"minecraft:grass":124,"minecraft:beetroots":2,"minecraft:sand":70,"create:crimsite":2,"minecraft:deepslate":2,"minecraft:attached_pumpkin_stem":1,"minecraft:dark_oak_leaves":18,"minecraft:dark_oak_log":4,"herbalbrews:tea_kettle":1,"farm_and_charm:onion_crop":13,"brewery:hops_crop_body":2,"minecraft:ladder":2,"farmersdelight:wild_cabbages":8,"minecraft:spruce_leaves":51,"minecraft:sandstone":10,"animal_feeding_trough:feeding_trough":1,"minecraft:large_fern":20,"candlelight:rose":3,"minecraft:hay_block":9,"farmersdelight:wild_onions":3,"minecraft:furnace":1,"minecraft:carrots":9,"candlelight:wild_lettuce":7,"minecraft:nether_sprouts":2,"supplementaries:flax":12,"farm_and_charm:crafting_bowl":1,"treechop:chopped_log":8,"minecraft:bookshelf":8,"minecraft:potatoes":6,"minecraft:vine":1,"farm_and_charm:wild_oat":11,"iceandfire:frost_lily":1,"minecraft:bamboo":19,"minecraft:stone":27,"minecraft:podzol":2,"minecraft:glass_pane":1,"minecraft:oak_fence":1,"minecraft:crafting_table":2,"minecraft:cornflower":20,"farm_and_charm:oat_crop":2,"farm_and_charm:wild_potatoes":17,"minecraft:warped_roots":1,"candlelight:wild_tomatoes":23,"minecraft:tall_grass":2,"minecraft:copper_ore":7,"minecraft:spruce_stairs":1,"farmersdelight:wild_beetroots":17,"minecraft:cobblestone_wall":2,"minecraft:sweet_berry_bush":13,"minecraft:birch_leaves":2,"minecraft:coal_ore":12,"minecraft:gray_carpet":1,"minecraft:fern":93},"minecraft:dropped":{"minecraft:leather":32,"immersive_melodies:piano":1,"minecraft:iron_nugget":17,"minecraft:wheat_seeds":4,"minecraft:smooth_quartz":1,"magistuarmory:steel_ingot":52,"minecraft:gray_carpet":1,"minecraft:spruce_sapling":1,"minecraft:potato":5,"minecraft:spruce_trapdoor":1,"brewery:hops_seeds":1,"minecraft:spruce_log":6},"minecraft:crafted":{"minecraft:brick":64,"minecraft:cobblestone_slab":6,"minecraft:chain":7,"magistuarmoryaddon:pikeman_chestplate":2,"magistuarmoryaddon:leather_gloves_decoration":1,"minecraft:chest":17,"minecraft:bricks":10,"farm_and_charm:stove":1,"farmersdelight:stove":1,"magistuarmory:steel_nugget":18,"minecraft:oak_slab":24,"minecraft:wooden_shovel":1,"minecraft:diamond_axe":1,"minecraft:crafting_table":1,"minecraft:spruce_planks":676,"farmersdelight:iron_knife":1,"candlelight:dark_oak_table":4,"magistuarmory:diamond_target":1,"minecraft:campfire":3,"farmersdelight:skillet":1,"magistuarmory:halfarmor_chestplate":1,"farmersdelight:cutting_board":1,"minecraft:dark_oak_slab":66,"minecraft:diamond_pickaxe":1,"minecraft:stick":316,"minecraft:iron_ingot":18,"magistuarmory:steel_chainmail":3,"minecraft:spruce_fence_gate":2,"animal_feeding_trough:feeding_trough":12,"magistuarmory:leather_strip":6,"dustydecorations:dark_oak_chair":2,"minecraft:furnace":1,"minecraft:mushroom_stew":8,"soulsweapons:holy_greatsword":1,"minecraft:spruce_fence":210,"immersive_melodies:piano":2,"magistuarmory:hilt":1,"minecraft:iron_axe":1,"minecraft:iron_hoe":1,"minecraft:ladder":39,"magistuarmory:steel_ingot":5,"minecraft:spruce_slab":30,"magistuarmory:diamond_morgenstern":1,"minecraft:spruce_boat":3,"herbalbrews:tea_kettle":1,"magistuarmory:steel_ring":32,"minecraft:dark_oak_planks":524,"magistuarmory:steel_plate":2,"iceandfire:chain":3,"magistuarmoryaddon:late_bascinet":1,"minecraft:spruce_sign":3,"minecraft:dark_oak_stairs":4,"minecraft:iron_sword":1,"magistuarmory:platemail_boots":1,"minecraft:bowl":64,"farmersdelight:cooking_pot":1,"minecraft:bucket":1,"minecraft:air":0,"farm_and_charm:crafting_bowl":1,"minecraft:wooden_axe":1,"minecraft:note_block":6,"magistuarmory:norman_helmet":1},"minecraft:picked_up":{"minecraft:wheat":203,"farm_and_charm:kernels":3,"minecraft:lead":39,"farm_and_charm:crafting_bowl":1,"farmersdelight:cutting_board":1,"minecraft:dark_oak_trapdoor":2,"minecraft:raw_copper":16,"brewery:hops":20,"minecraft:beetroot":33,"minecraft:sea_pickle":2,"minecraft:cobbled_deepslate":1,"farmersdelight:cabbage":12,"minecraft:spruce_planks":9,"iceandfire:frost_lily":1,"minecraft:calcite":1,"farmersdelight:cabbage_seeds":33,"minecraft:furnace":1,"minecraft:stick":26,"minecraft:oak_fence":1,"minecraft:torch":2,"minecraft:spruce_stairs":1,"minecraft:porkchop":13,"iceandfire:rotten_egg":7,"supplementaries:flax":11,"minecraft:rotten_flesh":10,"animal_feeding_trough:feeding_trough":1,"farmersdelight:onion":3,"farm_and_charm:corn":1,"minecraft:cobblestone":28,"candlelight:lettuce":6,"minecraft:feather":7,"minecraft:potato":92,"herbalbrews:tea_blossom":1,"farmersdelight:bacon":4,"supplementaries:flax_seeds":23,"farmersdelight:cooked_bacon":4,"minecraft:dirt":16,"minecraft:lantern":1,"brewery:hops_seeds":19,"minecraft:bone":20,"minecraft:wheat_seeds":564,"minecraft:bamboo":41,"minecraft:oak_planks":3,"farm_and_charm:strawberry_seeds":4,"minecraft:poisonous_potato":2,"minecraft:sand":61,"farmersdelight:ham":2,"minecraft:dark_oak_log":4,"create:crimsite":2,"naturalist:antler":1,"minecraft:diamond":30,"minecraft:spruce_boat":4,"farm_and_charm:oat_seeds":9,"minecraft:spruce_sign":1,"minecraft:crafting_table":2,"minecraft:allium":7,"minecraft:chicken":4,"minecraft:ladder":4,"minecraft:clay_ball":144,"naturalist:venison":2,"minecraft:brown_mushroom":63,"iceandfire:chain":10,"minecraft:pink_wool":1,"minecraft:chain":3,"minecraft:cornflower":20,"minecraft:red_bed":2,"candlelight:lettuce_seeds":1,"minecraft:blue_orchid":5,"minecraft:beef":29,"farmersdelight:straw":6,"immersive_melodies:trumpet":1,"minecraft:iron_nugget":17,"minecraft:poppy":1,"minecraft:chest":1,"minecraft:sugar_cane":32,"minecraft:egg":92,"iceandfire:dragonbone":3,"minecraft:sandstone":10,"minecraft:raw_iron":12,"minecraft:stripped_mangrove_wood":3,"herbalbrews:tea_kettle":1,"minecraft:spruce_fence":64,"minecraft:carrot":139,"minecraft:dark_oak_planks":52,"iceandfire:dragon_skull_ice":3,"minecraft:arrow":8,"magistuarmory:steel_ingot":52,"minecraft:beetroot_seeds":26,"minecraft:hay_block":9,"farm_and_charm:strawberry":86,"minecraft:mutton":4,"minecraft:white_wool":1,"minecraft:leather":11,"minecraft:red_mushroom":73,"naturalist:cooked_egg":3,"minecraft:cobblestone_wall":2,"farm_and_charm:onion":95,"farm_and_charm:oat":33,"minecraft:apple":8,"minecraft:gray_carpet":2,"candlelight:rose":2,"minecraft:iron_ingot":8,"candlelight:tomato":22,"minecraft:dark_oak_stairs":1,"minecraft:book":18,"minecraft:dark_oak_slab":1,"minecraft:sweet_berries":33,"minecraft:pumpkin":9,"minecraft:spruce_sapling":39,"minecraft:blast_furnace":12,"minecraft:spruce_log":263,"minecraft:spider_eye":1,"minecraft:pumpkin_seeds":4,"minecraft:warped_roots":1,"minecraft:coal":13},"minecraft:killed_by":{"minecraft:player":1},"minecraft:broken":{"minecraft:iron_boots":1,"minecraft:iron_axe":1,"minecraft:iron_helmet":1},"minecraft:killed":{"minecraft:spider":2,"naturalist:boar":1,"minecraft:skeleton":2,"minecraft:chicken":4,"minecraft:pig":5,"minecraft:creeper":3,"minecraft:sheep":1,"minecraft:pillager":1,"minecraft:zombie":8,"iceandfire:pixie":1,"minecraft:cow":9,"naturalist:deer":1,"iceandfire:ghost":5},"minecraft:used":{"farm_and_charm:kernels":1,"minecraft:iron_shovel":175,"minecraft:spruce_slab":2,"iceandfire:dragon_skull_ice":3,"farmersdelight:cabbage_seeds":31,"minecraft:poppy":1,"minecraft:ladder":23,"minecraft:chest":17,"farmersdelight:stove":1,"farm_and_charm:crafting_bowl":2,"minecraft:carrot":23,"minecraft:allium":1,"minecraft:spruce_boat":6,"minecraft:dark_oak_slab":1,"minecraft:pink_wool":1,"farmersdelight:cutting_board":2,"minecraft:furnace":2,"minecraft:beetroot_seeds":7,"minecraft:egg":18,"minecraft:potato":22,"magistuarmory:diamond_morgenstern":29,"minecraft:dark_oak_stairs":1,"minecraft:gray_carpet":1,"minecraft:mangrove_planks":5,"minecraft:oak_planks":6,"minecraft:diamond_axe":330,"minecraft:sand":1,"dustydecorations:dark_oak_chair":2,"minecraft:mushroom_stew":23,"minecraft:dark_oak_log":60,"minecraft:bread":16,"brewery:hops_seeds":12,"supplementaries:flax_seeds":19,"farm_and_charm:oat_seeds":2,"candlelight:dark_oak_table":4,"minecraft:spruce_planks":11,"minecraft:torch":2,"minecraft:dirt":6,"farm_and_charm:onion":27,"minecraft:spruce_stairs":1,"minecraft:cobblestone_wall":2,"minecraft:spruce_fence":210,"herbalbrews:tea_kettle":1,"minecraft:dark_oak_planks":112,"minecraft:iron_hoe":360,"minecraft:wooden_axe":50,"minecraft:iron_axe":284,"minecraft:smooth_quartz":5,"minecraft:bamboo":20,"farmersdelight:cooking_pot":1,"minecraft:pumpkin":1,"minecraft:calcite":1,"minecraft:wheat_seeds":289,"farmersdelight:iron_knife":69,"farmersdelight:skillet":1,"minecraft:spruce_sign":1,"minecraft:cobblestone_slab":1,"animal_feeding_trough:feeding_trough":11,"farmersdelight:onion":1,"minecraft:crafting_table":6,"minecraft:red_bed":2,"minecraft:campfire":1,"farm_and_charm:stove":1,"minecraft:cake":2,"minecraft:oak_log":2,"minecraft:diamond_pickaxe":5,"minecraft:apple":3,"soulsweapons:holy_greatsword":114,"minecraft:iron_pickaxe":102,"minecraft:spruce_trapdoor":1,"minecraft:spruce_sapling":4,"farmersdelight:cooked_bacon":3,"minecraft:cobblestone":1,"minecraft:bucket":1},"minecraft:custom":{"lootr:looted_stat":40,"minecraft:animals_bred":36,"minecraft:interact_with_crafting_table":64,"minecraft:leave_game":2,"minecraft:time_since_death":17871,"minecraft:sprint_one_cm":727016,"minecraft:drop":23,"minecraft:play_time":418146,"minecraft:deaths":6,"minecraft:jump":4217,"minecraft:walk_on_water_one_cm":25276,"minecraft:interact_with_furnace":20,"minecraft:sleep_in_bed":22,"minecraft:damage_dealt":7889,"minecraft:crouch_one_cm":3529,"incapacitated:times_revived":1,"minecraft:horse_one_cm":168651,"incapacitated:times_incapped":8,"minecraft:mob_kills":44,"minecraft:interact_with_anvil":2,"minecraft:interact_with_campfire":4,"minecraft:climb_one_cm":29772,"minecraft:walk_one_cm":886432,"minecraft:sneak_time":1417,"minecraft:walk_under_water_one_cm":10557,"minecraft:boat_one_cm":70415,"minecraft:interact_with_blast_furnace":11,"minecraft:total_world_time":418146,"minecraft:time_since_rest":3824,"minecraft:damage_taken":3227,"minecraft:trigger_trapped_chest":3,"minecraft:swim_one_cm":26453,"minecraft:fly_one_cm":1789620,"minecraft:open_chest":182,"minecraft:fall_one_cm":108421}},"DataVersion":3465}