{"stats":{"minecraft:dropped":{"minecraft:brown_mushroom":1,"minecraft:rotten_flesh":3,"minecraft:stick":2,"supplementaries:ash":1,"minecraft:gunpowder":2,"minecraft:arrow":2,"minecraft:string":2,"minecraft:bone":1},"minecraft:mined":{"minecraft:spruce_planks":21,"minecraft:brown_mushroom":1,"minecraft:kelp_plant":8,"minecraft:smoker":1,"minecraft:cobblestone_stairs":1,"minecraft:powder_snow":26,"minecraft:purple_candle":2,"minecraft:spruce_trapdoor":1,"minecraft:composter":1,"minecraft:pink_wool":3,"minecraft:blue_bed":3,"minecraft:hay_block":22,"minecraft:purple_bed":3,"minecraft:potted_birch_sapling":1,"minecraft:sweet_berry_bush":1,"minecraft:pumpkin":18,"dynamictrees:spruce_leaves":13,"minecraft:bookshelf":11,"minecraft:potatoes":21,"minecraft:dirt_path":1,"minecraft:cyan_carpet":9,"minecraft:dirt":4,"minecraft:spruce_slab":1},"minecraft:crafted":{"minecraft:crafting_table":1,"minecraft:spruce_planks":16,"minecraft:wooden_pickaxe":1,"minecraft:stick":4},"minecraft:killed_by":{"recruits:horseman":1,"minecraft:stray":1,"minecraft:spider":1,"minecraft:zombie":1,"born_in_chaos_v1:supreme_bonescaller_stage_2":1},"minecraft:picked_up":{"born_in_chaos_v1:corpse_maggot":2,"minecraft:charcoal":2,"minecraft:iron_chestplate":1,"minecraft:wheat":3,"minecraft:chainmail_boots":1,"born_in_chaos_v1:monster_flesh":2,"minecraft:flower_pot":2,"dynamictrees:spruce_seed":1,"minecraft:brown_mushroom":2,"minecraft:lead":2,"minecraft:smoker":1,"minecraft:pink_wool":3,"minecraft:potato":76,"minecraft:enchanted_book":4,"minecraft:flint":3,"minecraft:chainmail_chestplate":2,"minecraft:gunpowder":17,"minecraft:cobblestone_stairs":1,"minecraft:string":6,"minecraft:dirt":124,"minecraft:blue_bed":3,"minecraft:lantern":2,"minecraft:iron_axe":2,"born_in_chaos_v1:monster_skin":2,"minecraft:item_frame":8,"minecraft:iron_shovel":1,"minecraft:bone":20,"minecraft:cyan_carpet":18,"minecraft:apple":2,"minecraft:stone_bricks":5,"minecraft:kelp":9,"minecraft:wheat_seeds":1,"minecraft:spruce_planks":21,"minecraft:iron_ingot":1,"born_in_chaos_v1:gnawed_bones":1,"minecraft:spruce_slab":1,"minecraft:glowstone_dust":2,"minecraft:birch_sapling":2,"minecraft:spruce_trapdoor":1,"minecraft:iron_boots":1,"minecraft:book":66,"minecraft:stick":3,"apotheosis:gem":9,"irons_spellbooks:frozen_bone":2,"minecraft:pumpkin":18,"minecraft:sweet_berries":2,"patchouli:guide_book":4,"minecraft:composter":1,"born_in_chaos_v1:ethereal_spirit":1,"born_in_chaos_v1:phantom_powder":1,"minecraft:acacia_log":1,"minecraft:spruce_stairs":1,"minecraft:gravel":8,"minecraft:trident":2,"minecraft:redstone":2,"minecraft:dark_oak_log":2,"alexsmobs:animal_dictionary":1,"minecraft:purple_candle":6,"minecraft:arrow":49,"minecraft:rotten_flesh":7,"minecraft:purple_bed":3,"minecraft:slime_ball":2,"minecraft:soul_lantern":4,"minecraft:deepslate_bricks":3,"minecraft:hay_block":20,"minecraft:crossbow":1,"minecraft:saddle":1,"supplementaries:ash":3,"minecraft:snowball":207,"minecraft:cobblestone":11},"minecraft:custom":{"lootr:looted_stat":15,"minecraft:mob_kills":11,"minecraft:interact_with_crafting_table":1,"minecraft:bell_ring":2,"minecraft:damage_dealt_resisted":78,"minecraft:leave_game":6,"minecraft:time_since_death":25736,"minecraft:sleep_in_bed":2,"minecraft:damage_resisted":0,"minecraft:climb_one_cm":8588,"minecraft:time_since_rest":6731,"minecraft:sprint_one_cm":93100,"minecraft:damage_taken":5184,"minecraft:walk_one_cm":181173,"minecraft:drop":12,"minecraft:damage_dealt":2228,"minecraft:swim_one_cm":3243,"minecraft:fly_one_cm":103374,"minecraft:crouch_one_cm":3222,"minecraft:play_time":102461,"minecraft:sneak_time":1025,"minecraft:deaths":17,"minecraft:walk_under_water_one_cm":2920,"minecraft:jump":658,"minecraft:walk_on_water_one_cm":1096,"minecraft:total_world_time":102461,"minecraft:fall_one_cm":24131},"minecraft:killed":{"born_in_chaos_v1:spiritof_chaos":1,"born_in_chaos_v1:zombie_bruiser":1,"born_in_chaos_v1:decrepit_skeleton":2,"minecraft:skeleton":1,"minecraft:stray":2,"gnumus:gnumus_hunter":2},"minecraft:used":{"minecraft:trident":17,"minecraft:cobblestone_stairs":1,"minecraft:blue_bed":2,"minecraft:deepslate_bricks":1,"minecraft:dirt":7,"minecraft:crafting_table":1,"minecraft:snowball":32,"minecraft:flower_pot":1,"born_in_chaos_v1:monster_flesh":1,"minecraft:iron_axe":26,"minecraft:bread":3,"minecraft:string":2,"minecraft:iron_pickaxe":35,"minecraft:stone_bricks":14,"minecraft:cobblestone":2,"minecraft:purple_bed":1,"minecraft:potato":33}},"DataVersion":3465}