{"stats":{"minecraft:dropped":{"minecraft:bone":1},"minecraft:mined":{"minecraft:hay_block":5,"minecraft:spruce_planks":19,"minecraft:powder_snow":16,"dynamictrees:spruce_leaves":1,"minecraft:dirt_path":1,"minecraft:dirt":4},"minecraft:killed_by":{"born_in_chaos_v1:supreme_bonescaller_stage_2":1},"minecraft:picked_up":{"born_in_chaos_v1:corpse_maggot":1,"minecraft:stick":1,"minecraft:wheat":3,"apotheosis:gem":1,"irons_spellbooks:frozen_bone":2,"born_in_chaos_v1:monster_flesh":2,"patchouli:guide_book":4,"minecraft:flint":3,"minecraft:chainmail_chestplate":1,"minecraft:trident":1,"minecraft:gunpowder":6,"alexsmobs:animal_dictionary":1,"minecraft:dirt":5,"minecraft:iron_axe":1,"born_in_chaos_v1:monster_skin":2,"minecraft:bone":5,"minecraft:iron_shovel":1,"minecraft:arrow":4,"minecraft:rotten_flesh":2,"minecraft:apple":2,"minecraft:spruce_planks":19,"minecraft:hay_block":5,"born_in_chaos_v1:gnawed_bones":1},"minecraft:custom":{"minecraft:time_since_rest":1162,"lootr:looted_stat":6,"minecraft:sprint_one_cm":8414,"minecraft:damage_taken":1383,"minecraft:walk_one_cm":32888,"minecraft:drop":1,"minecraft:damage_dealt":57,"minecraft:fly_one_cm":6672,"minecraft:crouch_one_cm":574,"minecraft:play_time":17534,"minecraft:deaths":5,"minecraft:sneak_time":288,"minecraft:jump":87,"minecraft:damage_dealt_resisted":4,"minecraft:time_since_death":0,"minecraft:climb_one_cm":5660,"minecraft:total_world_time":17534,"minecraft:fall_one_cm":2175},"minecraft:used":{"born_in_chaos_v1:monster_flesh":1,"minecraft:iron_axe":19,"minecraft:dirt":4}},"DataVersion":3465}