{"stats":{"minecraft:picked_up":{"minecraft:potato":3,"minecraft:spruce_sapling":1,"minecraft:spruce_log":6},"minecraft:custom":{"minecraft:time_since_rest":0,"minecraft:walk_one_cm":55952,"minecraft:crouch_one_cm":1404,"minecraft:play_time":210761,"lootr:looted_stat":7,"minecraft:sprint_one_cm":25204,"minecraft:damage_taken":270,"minecraft:deaths":4,"minecraft:sneak_time":570,"incapacitated:times_incapped":4,"minecraft:walk_under_water_one_cm":5146,"minecraft:drop":13,"minecraft:jump":105,"minecraft:time_since_death":376,"minecraft:walk_on_water_one_cm":288,"minecraft:sleep_in_bed":2,"minecraft:total_world_time":210761,"minecraft:climb_one_cm":853,"minecraft:fly_one_cm":675906},"minecraft:used":{"minecraft:spruce_trapdoor":1,"minecraft:potato":1,"minecraft:smooth_quartz":5},"minecraft:dropped":{"minecraft:potato":4,"minecraft:spruce_log":6,"minecraft:spruce_trapdoor":1,"minecraft:smooth_quartz":1,"minecraft:spruce_sapling":1}},"DataVersion":3465}