{"stats":{"minecraft:dropped":{"minecraft:bone":1},"minecraft:mined":{"minecraft:hay_block":5,"minecraft:spruce_planks":19,"minecraft:powder_snow":16,"dynamictrees:spruce_leaves":9,"minecraft:dirt_path":1,"minecraft:dirt":4},"minecraft:killed_by":{"born_in_chaos_v1:supreme_bonescaller_stage_2":1},"minecraft:picked_up":{"born_in_chaos_v1:corpse_maggot":1,"minecraft:stick":1,"apotheosis:gem":1,"minecraft:wheat":3,"born_in_chaos_v1:monster_flesh":2,"irons_spellbooks:frozen_bone":2,"patchouli:guide_book":4,"minecraft:flint":3,"minecraft:chainmail_chestplate":1,"minecraft:trident":1,"minecraft:gunpowder":12,"minecraft:dirt":34,"alexsmobs:animal_dictionary":1,"minecraft:iron_axe":2,"born_in_chaos_v1:monster_skin":2,"minecraft:arrow":6,"minecraft:iron_shovel":1,"minecraft:bone":13,"minecraft:rotten_flesh":2,"minecraft:apple":2,"minecraft:spruce_planks":19,"minecraft:hay_block":5,"born_in_chaos_v1:gnawed_bones":1,"minecraft:snowball":100,"minecraft:cobblestone":4},"minecraft:custom":{"minecraft:time_since_rest":1679,"lootr:looted_stat":6,"minecraft:sprint_one_cm":20141,"minecraft:damage_taken":2263,"minecraft:walk_one_cm":45091,"minecraft:mob_kills":4,"minecraft:drop":1,"minecraft:damage_dealt":506,"minecraft:fly_one_cm":15141,"minecraft:crouch_one_cm":903,"minecraft:play_time":26796,"minecraft:deaths":8,"minecraft:sneak_time":413,"minecraft:jump":170,"minecraft:damage_dealt_resisted":78,"minecraft:leave_game":1,"minecraft:time_since_death":1658,"minecraft:climb_one_cm":6033,"minecraft:total_world_time":26796,"minecraft:fall_one_cm":4300},"minecraft:killed":{"minecraft:skeleton":1,"minecraft:stray":2},"minecraft:used":{"born_in_chaos_v1:monster_flesh":1,"minecraft:iron_axe":26,"minecraft:dirt":7,"minecraft:snowball":32}},"DataVersion":3465}