{"stats":{"minecraft:mined":{"minecraft:spruce_planks":1,"minecraft:farmland":4,"minecraft:medium_amethyst_bud":1,"minecraft:torch":1,"minecraft:crafting_table":1,"minecraft:cornflower":32,"farm_and_charm:wild_carrots":5,"minecraft:spruce_fence":1,"minecraft:grass_block":35,"farm_and_charm:wild_potatoes":2,"minecraft:warped_roots":4,"minecraft:sugar_cane":4,"minecraft:composter":2,"farm_and_charm:wild_lettuce":14,"minecraft:blue_bed":1,"minecraft:large_fern":2,"minecraft:carrots":99,"candlelight:wild_lettuce":4,"minecraft:wheat":104,"minecraft:snow":2,"minecraft:nether_sprouts":5,"minecraft:sweet_berry_bush":1,"minecraft:pumpkin_stem":17,"minecraft:pumpkin":4,"treechop:chopped_log":13,"diagonalfences:minecraft/spruce_fence":1,"minecraft:grass":70,"minecraft:potatoes":71,"minecraft:dirt_path":2,"minecraft:small_amethyst_bud":2,"minecraft:dirt":1,"minecraft:mangrove_log":2,"minecraft:blue_orchid":15,"minecraft:fern":54},"minecraft:picked_up":{"minecraft:wooden_axe":3,"candlelight:lettuce":2,"minecraft:crafting_table":1,"minecraft:wheat":104,"minecraft:leather":1,"minecraft:lead":8,"minecraft:potato":255,"herbalbrews:tea_blossom":3,"minecraft:blue_bed":1,"minecraft:string":2,"minecraft:cornflower":30,"minecraft:dirt":52,"candlelight:lettuce_seeds":1,"minecraft:blue_orchid":14,"minecraft:wheat_seeds":292,"minecraft:spruce_planks":1,"minecraft:sugar_cane":8,"minecraft:acacia_sapling":17,"minecraft:mangrove_log":20,"minecraft:stick":15,"iceandfire:dragonbone":25,"farm_and_charm:lettuce":53,"minecraft:pumpkin":4,"minecraft:sweet_berries":2,"minecraft:composter":2,"minecraft:poisonous_potato":1,"minecraft:torch":1,"minecraft:acacia_log":53,"minecraft:spruce_fence":2,"minecraft:stripped_spruce_log":88,"minecraft:spruce_sapling":15,"minecraft:spruce_log":11,"minecraft:carrot":390,"iceandfire:dragon_skull_ice":1,"minecraft:pumpkin_seeds":26,"minecraft:rotten_flesh":14,"minecraft:warped_roots":3,"iceandfire:silver_nugget":4,"minecraft:snowball":1,"minecraft:white_wool":6},"minecraft:killed":{"minecraft:spider":1,"naturalist:snail":1,"minecraft:trader_llama":2,"minecraft:zombie":5},"minecraft:used":{"minecraft:wheat_seeds":125,"minecraft:water_bucket":2,"minecraft:iron_shovel":46,"minecraft:ladder":3,"minecraft:spruce_planks":4,"minecraft:chest":9,"minecraft:composter":1,"minecraft:rotten_flesh":5,"minecraft:iron_chestplate":1,"animal_feeding_trough:feeding_trough":4,"minecraft:dirt":4,"minecraft:crafting_table":3,"minecraft:carrot":137,"minecraft:spruce_fence":26,"minecraft:iron_hoe":151,"minecraft:acacia_stairs":2,"minecraft:iron_axe":490,"minecraft:bread":3,"minecraft:map":1,"minecraft:string":2,"minecraft:iron_pickaxe":3,"minecraft:iron_helmet":1,"minecraft:acacia_fence_gate":1,"minecraft:bucket":3,"minecraft:pumpkin_pie":1,"minecraft:potato":133},"minecraft:dropped":{"minecraft:wooden_axe":4},"minecraft:killed_by":{"aquamirae:maw":1},"minecraft:crafted":{"minecraft:spruce_planks":196,"comforts:sleeping_bag_white":1,"minecraft:acacia_fence_gate":1,"minecraft:bucket":1,"minecraft:acacia_stairs":4,"minecraft:spruce_fence":66,"minecraft:spruce_slab":36,"minecraft:ladder":3,"minecraft:iron_axe":1,"minecraft:iron_hoe":1,"minecraft:stick":64,"minecraft:iron_pickaxe":1,"minecraft:wooden_axe":1,"minecraft:chest":9,"minecraft:iron_shovel":1,"animal_feeding_trough:feeding_trough":7},"minecraft:custom":{"lootr:looted_stat":19,"incapacitated:times_incapped":1,"minecraft:mob_kills":9,"minecraft:animals_bred":3,"minecraft:interact_with_crafting_table":13,"minecraft:time_since_death":67659,"minecraft:sleep_in_bed":7,"minecraft:climb_one_cm":2758,"minecraft:time_since_rest":10172,"minecraft:sprint_one_cm":229813,"minecraft:damage_taken":571,"minecraft:walk_one_cm":266016,"minecraft:drop":4,"minecraft:damage_dealt":1999,"minecraft:swim_one_cm":4586,"minecraft:talked_to_villager":3,"minecraft:fly_one_cm":426583,"minecraft:open_chest":52,"minecraft:crouch_one_cm":653,"minecraft:play_time":70987,"minecraft:deaths":1,"minecraft:sneak_time":136,"minecraft:walk_under_water_one_cm":1211,"minecraft:jump":1431,"minecraft:interact_with_blast_furnace":1,"minecraft:walk_on_water_one_cm":9516,"minecraft:total_world_time":70987,"minecraft:fall_one_cm":31755}},"DataVersion":3465}