{"stats":{"minecraft:dropped":{"minecraft:brown_mushroom":1,"minecraft:stick":2,"minecraft:string":2,"minecraft:bone":1,"minecraft:rotten_flesh":3,"supplementaries:ash":1,"minecraft:gunpowder":2,"minecraft:arrow":2},"minecraft:mined":{"minecraft:spruce_planks":25,"minecraft:mossy_cobblestone":3,"minecraft:cobblestone_stairs":5,"minecraft:purple_candle":2,"minecraft:spruce_trapdoor":1,"minecraft:deepslate_bricks":3,"minecraft:composter":1,"minecraft:pink_wool":3,"minecraft:hay_block":23,"minecraft:potted_birch_sapling":1,"minecraft:pumpkin":18,"dynamictrees:spruce_leaves":13,"minecraft:bookshelf":11,"minecraft:potatoes":21,"minecraft:dirt_path":1,"minecraft:stone":22,"minecraft:spruce_slab":2,"minecraft:brown_mushroom":1,"minecraft:kelp_plant":8,"minecraft:smoker":1,"minecraft:powder_snow":27,"minecraft:cobblestone":2,"minecraft:blue_bed":3,"minecraft:purple_bed":4,"minecraft:sweet_berry_bush":1,"minecraft:spruce_log":1,"minecraft:coal_ore":5,"minecraft:dirt":10,"minecraft:cyan_carpet":9,"minecraft:stone_bricks":3},"minecraft:crafted":{"minecraft:furnace":2,"minecraft:iron_axe":1,"quark:spruce_chest":2,"minecraft:crafting_table":2,"minecraft:spruce_planks":16,"minecraft:wooden_pickaxe":1,"minecraft:baked_potato":10,"minecraft:campfire":1,"minecraft:air":0,"minecraft:charcoal":1,"minecraft:stick":8},"minecraft:killed_by":{"minecraft:stray":1,"minecraft:spider":1,"recruits:horseman":1,"minecraft:zombie":1,"born_in_chaos_v1:supreme_bonescaller_stage_2":1},"minecraft:picked_up":{"minecraft:charcoal":2,"minecraft:iron_chestplate":1,"minecraft:wheat":15,"minecraft:chainmail_boots":1,"minecraft:chicken":3,"minecraft:flower_pot":2,"gnumus:gnumus_claw":3,"minecraft:lead":2,"minecraft:brown_mushroom":2,"dynamictrees:spruce_seed":1,"minecraft:pink_wool":6,"minecraft:enchanted_book":4,"minecraft:shield":1,"minecraft:music_disc_cat":1,"minecraft:string":8,"minecraft:iron_axe":3,"minecraft:item_frame":8,"minecraft:iron_shovel":1,"minecraft:cyan_carpet":18,"irons_spellbooks:arcane_essence":1,"minecraft:spruce_planks":58,"born_in_chaos_v1:gnawed_bones":1,"minecraft:spruce_slab":7,"minecraft:iron_pickaxe":1,"minecraft:birch_sapling":2,"minecraft:spruce_trapdoor":1,"minecraft:iron_boots":1,"minecraft:stick":25,"apotheosis:gem":11,"minecraft:composter":1,"born_in_chaos_v1:phantom_powder":1,"minecraft:acacia_log":1,"minecraft:spruce_stairs":1,"minecraft:spruce_fence":2,"born_in_chaos_v1:nightmare_claw":2,"minecraft:trident":3,"minecraft:carrot":1,"minecraft:redstone":2,"minecraft:purple_candle":15,"minecraft:arrow":49,"minecraft:rotten_flesh":7,"minecraft:pumpkin_pie":4,"minecraft:deepslate_bricks":6,"minecraft:hay_block":36,"minecraft:saddle":1,"minecraft:gold_ingot":1,"supplementaries:ash":4,"gnumus:mouse_skin":4,"minecraft:snowball":227,"minecraft:cobblestone":40,"born_in_chaos_v1:corpse_maggot":4,"born_in_chaos_v1:monster_flesh":2,"minecraft:smoker":1,"minecraft:potato":76,"minecraft:flint":3,"minecraft:oak_log":2,"minecraft:chainmail_chestplate":3,"minecraft:cobblestone_stairs":8,"minecraft:gunpowder":21,"minecraft:blue_bed":4,"minecraft:dirt":154,"minecraft:lantern":2,"gnumus:gnumus_pouch_2":1,"born_in_chaos_v1:monster_skin":8,"minecraft:bone":26,"supplementaries:cartographers_quill":2,"minecraft:apple":2,"minecraft:stone_bricks":14,"minecraft:kelp":18,"minecraft:wheat_seeds":1,"minecraft:iron_ingot":2,"minecraft:glowstone_dust":2,"minecraft:book":66,"irons_spellbooks:frozen_bone":2,"minecraft:pumpkin":36,"minecraft:sweet_berries":6,"patchouli:guide_book":4,"born_in_chaos_v1:ethereal_spirit":4,"minecraft:gravel":8,"minecraft:spruce_log":12,"minecraft:dark_oak_log":2,"alexsmobs:animal_dictionary":1,"minecraft:mossy_cobblestone":3,"minecraft:purple_bed":5,"minecraft:slime_ball":2,"gnumus:gnumus_clay":6,"minecraft:soul_lantern":4,"minecraft:chainmail_leggings":2,"minecraft:iron_helmet":2,"minecraft:crossbow":1,"minecraft:bread":20,"minecraft:melon_seeds":4,"minecraft:coal":5},"minecraft:custom":{"lootr:looted_stat":16,"minecraft:mob_kills":12,"minecraft:interact_with_crafting_table":9,"minecraft:bell_ring":2,"minecraft:damage_dealt_resisted":78,"minecraft:leave_game":8,"minecraft:time_since_death":7281,"minecraft:climb_one_cm":14883,"minecraft:damage_resisted":0,"minecraft:sprint_one_cm":110063,"minecraft:walk_one_cm":237798,"minecraft:damage_blocked_by_shield":220,"minecraft:drop":12,"minecraft:play_time":133753,"minecraft:deaths":19,"minecraft:sneak_time":1683,"minecraft:walk_under_water_one_cm":2920,"minecraft:jump":969,"minecraft:walk_on_water_one_cm":1096,"minecraft:total_world_time":133753,"minecraft:interact_with_furnace":4,"minecraft:sleep_in_bed":3,"minecraft:time_since_rest":37,"minecraft:damage_taken":5805,"minecraft:damage_dealt":2718,"minecraft:swim_one_cm":3243,"minecraft:fly_one_cm":136153,"minecraft:open_chest":13,"minecraft:crouch_one_cm":4214,"minecraft:interact_with_smoker":3,"minecraft:fall_one_cm":33179},"minecraft:killed":{"born_in_chaos_v1:zombie_bruiser":1,"minecraft:skeleton":1,"gnumus:gnumus_hunter":2,"born_in_chaos_v1:spiritof_chaos":1,"born_in_chaos_v1:decrepit_skeleton":2,"born_in_chaos_v1:corpse_fly":1,"minecraft:stray":2},"minecraft:used":{"minecraft:trident":17,"minecraft:spruce_slab":1,"minecraft:spruce_planks":14,"minecraft:shield":6,"minecraft:dirt":7,"minecraft:chainmail_chestplate":1,"minecraft:snowball":32,"quark:spruce_chest":2,"minecraft:iron_axe":36,"minecraft:iron_helmet":1,"minecraft:stone_bricks":34,"minecraft:hay_block":1,"minecraft:furnace":2,"minecraft:potato":33,"minecraft:cobblestone_stairs":2,"minecraft:blue_bed":3,"minecraft:deepslate_bricks":1,"minecraft:crafting_table":2,"minecraft:campfire":1,"minecraft:smoker":1,"minecraft:flower_pot":1,"born_in_chaos_v1:monster_flesh":1,"minecraft:bread":3,"minecraft:string":2,"minecraft:iron_pickaxe":90,"minecraft:cobblestone":10,"minecraft:purple_bed":2,"minecraft:chainmail_leggings":1}},"DataVersion":3465}