{"stats":{"minecraft:dropped":{"minecraft:brown_mushroom":1,"minecraft:rotten_flesh":3,"minecraft:stick":2,"supplementaries:ash":1,"minecraft:gunpowder":2,"minecraft:arrow":2,"minecraft:string":2,"minecraft:bone":1},"minecraft:mined":{"minecraft:spruce_planks":25,"minecraft:brown_mushroom":1,"minecraft:mossy_cobblestone":1,"minecraft:kelp_plant":8,"minecraft:smoker":1,"minecraft:cobblestone_stairs":5,"minecraft:powder_snow":26,"minecraft:purple_candle":2,"minecraft:spruce_trapdoor":1,"minecraft:cobblestone":2,"minecraft:composter":1,"minecraft:pink_wool":3,"minecraft:blue_bed":3,"minecraft:hay_block":22,"minecraft:purple_bed":3,"minecraft:potted_birch_sapling":1,"minecraft:sweet_berry_bush":1,"minecraft:pumpkin":18,"dynamictrees:spruce_leaves":13,"minecraft:bookshelf":11,"minecraft:potatoes":21,"minecraft:dirt_path":1,"minecraft:cyan_carpet":9,"minecraft:dirt":4,"minecraft:stone_bricks":3,"minecraft:spruce_slab":1},"minecraft:crafted":{"minecraft:crafting_table":2,"minecraft:spruce_planks":16,"minecraft:wooden_pickaxe":1,"minecraft:stick":4},"minecraft:killed_by":{"recruits:horseman":1,"minecraft:stray":1,"minecraft:spider":1,"minecraft:zombie":1,"born_in_chaos_v1:supreme_bonescaller_stage_2":1},"minecraft:picked_up":{"born_in_chaos_v1:corpse_maggot":2,"minecraft:charcoal":2,"minecraft:iron_chestplate":1,"minecraft:wheat":15,"minecraft:chainmail_boots":1,"born_in_chaos_v1:monster_flesh":2,"minecraft:flower_pot":2,"dynamictrees:spruce_seed":1,"minecraft:brown_mushroom":2,"minecraft:lead":2,"minecraft:smoker":1,"minecraft:pink_wool":6,"minecraft:potato":76,"minecraft:enchanted_book":4,"minecraft:flint":3,"minecraft:chainmail_chestplate":2,"minecraft:gunpowder":21,"minecraft:cobblestone_stairs":8,"minecraft:music_disc_cat":1,"minecraft:string":8,"minecraft:dirt":127,"minecraft:blue_bed":4,"minecraft:lantern":2,"minecraft:iron_axe":2,"born_in_chaos_v1:monster_skin":2,"minecraft:item_frame":8,"minecraft:iron_shovel":1,"supplementaries:cartographers_quill":2,"minecraft:bone":24,"minecraft:cyan_carpet":18,"minecraft:apple":2,"minecraft:stone_bricks":14,"minecraft:kelp":18,"irons_spellbooks:arcane_essence":1,"minecraft:wheat_seeds":1,"minecraft:spruce_planks":58,"minecraft:iron_ingot":1,"born_in_chaos_v1:gnawed_bones":1,"minecraft:iron_pickaxe":1,"minecraft:spruce_slab":6,"minecraft:glowstone_dust":2,"minecraft:birch_sapling":2,"minecraft:spruce_trapdoor":1,"minecraft:iron_boots":1,"minecraft:book":66,"minecraft:stick":3,"apotheosis:gem":11,"irons_spellbooks:frozen_bone":2,"minecraft:pumpkin":36,"minecraft:sweet_berries":4,"patchouli:guide_book":4,"minecraft:composter":1,"born_in_chaos_v1:phantom_powder":1,"born_in_chaos_v1:ethereal_spirit":2,"minecraft:acacia_log":1,"minecraft:spruce_stairs":1,"minecraft:spruce_fence":2,"minecraft:gravel":8,"minecraft:carrot":1,"minecraft:trident":3,"minecraft:redstone":2,"minecraft:dark_oak_log":2,"alexsmobs:animal_dictionary":1,"minecraft:mossy_cobblestone":2,"minecraft:purple_candle":14,"minecraft:arrow":49,"minecraft:purple_bed":4,"minecraft:rotten_flesh":7,"minecraft:slime_ball":2,"minecraft:pumpkin_pie":4,"minecraft:soul_lantern":4,"minecraft:chainmail_leggings":1,"minecraft:iron_helmet":1,"minecraft:deepslate_bricks":3,"minecraft:hay_block":35,"minecraft:crossbow":1,"minecraft:gold_ingot":1,"minecraft:saddle":1,"minecraft:bread":20,"supplementaries:ash":4,"minecraft:melon_seeds":4,"minecraft:snowball":207,"minecraft:cobblestone":11},"minecraft:custom":{"lootr:looted_stat":15,"minecraft:mob_kills":11,"minecraft:interact_with_crafting_table":2,"minecraft:bell_ring":2,"minecraft:damage_dealt_resisted":78,"minecraft:leave_game":7,"minecraft:time_since_death":175,"minecraft:damage_resisted":0,"minecraft:sleep_in_bed":2,"minecraft:climb_one_cm":8588,"minecraft:time_since_rest":197,"minecraft:sprint_one_cm":93486,"minecraft:damage_taken":5379,"minecraft:walk_one_cm":199471,"minecraft:drop":12,"minecraft:damage_dealt":2428,"minecraft:swim_one_cm":3243,"minecraft:fly_one_cm":103795,"minecraft:crouch_one_cm":3935,"minecraft:play_time":116801,"minecraft:sneak_time":1263,"minecraft:deaths":18,"minecraft:walk_under_water_one_cm":2920,"minecraft:jump":684,"minecraft:walk_on_water_one_cm":1096,"minecraft:interact_with_smoker":2,"minecraft:total_world_time":116801,"minecraft:fall_one_cm":24700},"minecraft:killed":{"born_in_chaos_v1:spiritof_chaos":1,"born_in_chaos_v1:zombie_bruiser":1,"born_in_chaos_v1:decrepit_skeleton":2,"minecraft:skeleton":1,"minecraft:stray":2,"gnumus:gnumus_hunter":2},"minecraft:used":{"minecraft:trident":17,"minecraft:cobblestone_stairs":2,"minecraft:spruce_slab":1,"minecraft:spruce_planks":7,"minecraft:blue_bed":2,"minecraft:deepslate_bricks":1,"minecraft:dirt":7,"minecraft:crafting_table":2,"minecraft:smoker":1,"minecraft:snowball":32,"minecraft:flower_pot":1,"born_in_chaos_v1:monster_flesh":1,"minecraft:iron_axe":26,"minecraft:bread":3,"minecraft:string":2,"minecraft:iron_pickaxe":50,"minecraft:stone_bricks":34,"minecraft:cobblestone":2,"minecraft:purple_bed":2,"minecraft:potato":33}},"DataVersion":3465}