{"stats":{"minecraft:dropped":{"minecraft:bone":1},"minecraft:mined":{"minecraft:hay_block":5,"minecraft:spruce_planks":19,"minecraft:powder_snow":18,"dynamictrees:spruce_leaves":9,"minecraft:dirt_path":1,"minecraft:dirt":4},"minecraft:killed_by":{"born_in_chaos_v1:supreme_bonescaller_stage_2":1},"minecraft:picked_up":{"born_in_chaos_v1:corpse_maggot":1,"minecraft:stick":1,"apotheosis:gem":1,"minecraft:wheat":3,"born_in_chaos_v1:monster_flesh":2,"irons_spellbooks:frozen_bone":2,"patchouli:guide_book":4,"minecraft:flint":3,"minecraft:chainmail_chestplate":1,"minecraft:trident":1,"minecraft:gunpowder":15,"minecraft:redstone":2,"minecraft:dirt":96,"alexsmobs:animal_dictionary":1,"minecraft:iron_axe":2,"born_in_chaos_v1:monster_skin":2,"minecraft:stone_bricks":4,"minecraft:arrow":10,"minecraft:iron_shovel":1,"minecraft:bone":18,"minecraft:rotten_flesh":4,"minecraft:apple":2,"minecraft:deepslate_bricks":1,"minecraft:spruce_planks":19,"minecraft:hay_block":5,"born_in_chaos_v1:gnawed_bones":1,"minecraft:glowstone_dust":2,"minecraft:snowball":203,"minecraft:cobblestone":11},"minecraft:custom":{"minecraft:time_since_rest":6027,"lootr:looted_stat":6,"minecraft:sprint_one_cm":23907,"minecraft:damage_taken":2538,"minecraft:walk_one_cm":56320,"minecraft:mob_kills":4,"minecraft:drop":1,"minecraft:damage_dealt":524,"minecraft:fly_one_cm":18088,"minecraft:crouch_one_cm":908,"minecraft:play_time":34613,"minecraft:deaths":9,"minecraft:sneak_time":413,"minecraft:jump":224,"minecraft:damage_dealt_resisted":78,"minecraft:leave_game":2,"minecraft:time_since_death":5999,"minecraft:climb_one_cm":6300,"minecraft:total_world_time":34613,"minecraft:fall_one_cm":4543},"minecraft:killed":{"minecraft:skeleton":1,"minecraft:stray":2},"minecraft:used":{"born_in_chaos_v1:monster_flesh":1,"minecraft:iron_axe":26,"minecraft:deepslate_bricks":1,"minecraft:dirt":7,"minecraft:cobblestone":2,"minecraft:snowball":32}},"DataVersion":3465}