{"stats":{"minecraft:dropped":{"supplementaries:ash":1,"minecraft:rotten_flesh":2,"minecraft:arrow":2,"minecraft:bone":1},"minecraft:mined":{"minecraft:hay_block":5,"minecraft:spruce_planks":19,"minecraft:potted_birch_sapling":1,"minecraft:powder_snow":18,"dynamictrees:spruce_leaves":9,"minecraft:bookshelf":11,"minecraft:potatoes":21,"minecraft:dirt_path":1,"minecraft:cyan_carpet":9,"minecraft:dirt":4,"minecraft:composter":1},"minecraft:killed_by":{"recruits:horseman":1,"minecraft:stray":1,"born_in_chaos_v1:supreme_bonescaller_stage_2":1},"minecraft:picked_up":{"minecraft:wheat":3,"born_in_chaos_v1:corpse_maggot":2,"minecraft:stick":1,"apotheosis:gem":5,"irons_spellbooks:frozen_bone":2,"born_in_chaos_v1:monster_flesh":2,"minecraft:flower_pot":1,"minecraft:composter":1,"patchouli:guide_book":4,"minecraft:brown_mushroom":1,"minecraft:acacia_log":1,"minecraft:spruce_stairs":1,"minecraft:potato":76,"minecraft:gravel":8,"minecraft:flint":3,"minecraft:chainmail_chestplate":2,"minecraft:trident":2,"minecraft:gunpowder":15,"minecraft:redstone":2,"minecraft:lantern":1,"minecraft:dark_oak_log":2,"alexsmobs:animal_dictionary":1,"minecraft:dirt":124,"minecraft:cyan_carpet":7,"minecraft:item_frame":4,"minecraft:iron_axe":2,"born_in_chaos_v1:monster_skin":2,"minecraft:iron_shovel":1,"minecraft:arrow":15,"minecraft:bone":18,"minecraft:rotten_flesh":6,"minecraft:slime_ball":2,"minecraft:apple":2,"minecraft:stone_bricks":5,"minecraft:wheat_seeds":1,"minecraft:soul_lantern":2,"minecraft:deepslate_bricks":3,"minecraft:spruce_planks":19,"minecraft:hay_block":5,"minecraft:iron_ingot":1,"born_in_chaos_v1:gnawed_bones":1,"supplementaries:ash":2,"minecraft:glowstone_dust":2,"minecraft:birch_sapling":1,"minecraft:snowball":207,"minecraft:cobblestone":11,"minecraft:book":33},"minecraft:custom":{"lootr:looted_stat":7,"minecraft:time_since_rest":3241,"minecraft:sprint_one_cm":39923,"minecraft:damage_taken":3348,"minecraft:walk_one_cm":76024,"minecraft:mob_kills":4,"minecraft:drop":6,"minecraft:damage_dealt":524,"minecraft:fly_one_cm":31666,"minecraft:crouch_one_cm":959,"minecraft:play_time":41313,"minecraft:sneak_time":423,"minecraft:deaths":12,"minecraft:damage_dealt_resisted":78,"minecraft:jump":344,"minecraft:leave_game":3,"minecraft:time_since_death":3209,"minecraft:total_world_time":41313,"minecraft:climb_one_cm":7040,"minecraft:fall_one_cm":8405},"minecraft:killed":{"minecraft:skeleton":1,"minecraft:stray":2},"minecraft:used":{"born_in_chaos_v1:monster_flesh":1,"minecraft:iron_axe":26,"minecraft:deepslate_bricks":1,"minecraft:cobblestone":2,"minecraft:dirt":7,"minecraft:potato":33,"minecraft:snowball":32}},"DataVersion":3465}