{"stats":{"minecraft:dropped":{"minecraft:rotten_flesh":3,"supplementaries:ash":1,"minecraft:arrow":2,"minecraft:string":2,"minecraft:bone":1},"minecraft:mined":{"minecraft:spruce_planks":19,"minecraft:powder_snow":26,"minecraft:composter":1,"minecraft:hay_block":5,"minecraft:potted_birch_sapling":1,"dynamictrees:spruce_leaves":9,"minecraft:bookshelf":11,"minecraft:potatoes":21,"minecraft:dirt_path":1,"minecraft:cyan_carpet":9,"minecraft:dirt":4},"minecraft:killed_by":{"recruits:horseman":1,"minecraft:stray":1,"minecraft:spider":1,"minecraft:zombie":1,"born_in_chaos_v1:supreme_bonescaller_stage_2":1},"minecraft:picked_up":{"born_in_chaos_v1:corpse_maggot":2,"minecraft:wheat":3,"born_in_chaos_v1:monster_flesh":2,"minecraft:flower_pot":2,"minecraft:brown_mushroom":1,"minecraft:lead":2,"minecraft:potato":76,"minecraft:enchanted_book":4,"minecraft:flint":3,"minecraft:chainmail_chestplate":2,"minecraft:gunpowder":15,"minecraft:string":2,"minecraft:dirt":124,"minecraft:lantern":2,"minecraft:iron_axe":2,"born_in_chaos_v1:monster_skin":2,"minecraft:item_frame":8,"minecraft:iron_shovel":1,"minecraft:bone":18,"minecraft:cyan_carpet":18,"minecraft:apple":2,"minecraft:stone_bricks":5,"minecraft:wheat_seeds":1,"minecraft:spruce_planks":19,"minecraft:iron_ingot":1,"born_in_chaos_v1:gnawed_bones":1,"minecraft:glowstone_dust":2,"minecraft:birch_sapling":2,"minecraft:iron_boots":1,"minecraft:book":66,"minecraft:stick":1,"apotheosis:gem":9,"irons_spellbooks:frozen_bone":2,"patchouli:guide_book":4,"minecraft:composter":1,"minecraft:acacia_log":1,"minecraft:spruce_stairs":1,"minecraft:gravel":8,"minecraft:trident":2,"minecraft:redstone":2,"minecraft:dark_oak_log":2,"alexsmobs:animal_dictionary":1,"minecraft:arrow":15,"minecraft:rotten_flesh":7,"minecraft:slime_ball":2,"minecraft:soul_lantern":4,"minecraft:deepslate_bricks":3,"minecraft:hay_block":5,"minecraft:saddle":1,"supplementaries:ash":2,"minecraft:snowball":207,"minecraft:cobblestone":11},"minecraft:custom":{"lootr:looted_stat":8,"minecraft:mob_kills":4,"minecraft:damage_dealt_resisted":78,"minecraft:leave_game":3,"minecraft:time_since_death":0,"minecraft:climb_one_cm":7821,"minecraft:time_since_rest":6159,"minecraft:sprint_one_cm":48499,"minecraft:damage_taken":4253,"minecraft:walk_one_cm":89242,"minecraft:drop":8,"minecraft:damage_dealt":552,"minecraft:fly_one_cm":48918,"minecraft:crouch_one_cm":1140,"minecraft:play_time":53313,"minecraft:deaths":15,"minecraft:sneak_time":495,"minecraft:walk_under_water_one_cm":2607,"minecraft:jump":441,"minecraft:walk_on_water_one_cm":746,"minecraft:total_world_time":53313,"minecraft:fall_one_cm":13684},"minecraft:killed":{"minecraft:skeleton":1,"minecraft:stray":2},"minecraft:used":{"minecraft:deepslate_bricks":1,"minecraft:dirt":7,"minecraft:snowball":32,"minecraft:flower_pot":1,"born_in_chaos_v1:monster_flesh":1,"minecraft:iron_axe":26,"minecraft:cobblestone":2,"minecraft:potato":33}},"DataVersion":3465}