{"stats":{"minecraft:broken":{"minecraft:iron_boots":1,"minecraft:iron_chestplate":1,"minecraft:iron_leggings":1,"minecraft:iron_axe":1,"minecraft:leather_boots":1,"minecraft:iron_helmet":1},"minecraft:killed_by":{"minecraft:vindicator":3,"aquamirae:captain_cornelia":6},"minecraft:crafted":{"minecraft:furnace":1,"soulsweapons:holy_greatsword":1,"minecraft:iron_boots":1,"minecraft:iron_axe":2,"minecraft:stone_pickaxe":2,"minecraft:spruce_boat":7,"minecraft:gray_bed":1,"minecraft:wheat":63,"minecraft:cooked_cod":24,"aquamirae:terrible_helmet":1,"minecraft:spruce_planks":60,"minecraft:wooden_pickaxe":2,"minecraft:iron_helmet":1,"minecraft:iron_sword":1,"minecraft:cooked_salmon":14,"minecraft:bucket":1,"minecraft:stone_axe":2,"minecraft:bread":30,"minecraft:air":0,"minecraft:iron_chestplate":1,"minecraft:shield":1,"minecraft:stick":4,"minecraft:iron_ingot":4,"minecraft:iron_pickaxe":1,"minecraft:wooden_axe":1,"minecraft:stone_sword":2,"minecraft:iron_leggings":2},"minecraft:killed":{"minecraft:spider":1,"minecraft:vindicator":24,"minecraft:skeleton":2,"iceandfire:siren":1,"aquamirae:maw":5,"minecraft:salmon":2,"minecraft:creeper":2,"minecraft:pillager":31,"minecraft:zombie":9,"aquamirae:anglerfish":9},"minecraft:used":{"minecraft:stone_sword":118,"minecraft:iron_shovel":10,"aquamirae:sea_stew":1,"minecraft:spruce_planks":53,"minecraft:shield":16,"lootr:trophy":1,"minecraft:cooked_salmon":11,"minecraft:rotten_flesh":4,"minecraft:dirt":52,"minecraft:wheat":1,"minecraft:carrot":5,"minecraft:snowball":5,"minecraft:spruce_boat":17,"minecraft:iron_axe":50,"minecraft:furnace":6,"minecraft:cooked_cod":31,"minecraft:gray_bed":5,"minecraft:cooked_mutton":1,"minecraft:stone_pickaxe":47,"minecraft:wooden_pickaxe":36,"minecraft:salmon":2,"minecraft:crafting_table":17,"minecraft:crossbow":3,"minecraft:cod":4,"minecraft:apple":6,"soulsweapons:holy_greatsword":357,"minecraft:bread":34,"minecraft:suspicious_stew":1,"minecraft:iron_pickaxe":10,"minecraft:spruce_sapling":12,"aquamirae:terrible_helmet":1,"minecraft:stone_axe":76,"minecraft:cobblestone":13,"minecraft:white_banner":2,"minecraft:bucket":1,"minecraft:chain":2,"aquamirae:dagger_of_greed":55},"minecraft:dropped":{"minecraft:oak_fence":1,"minecraft:prismarine_crystals":2,"minecraft:chainmail_helmet":3,"minecraft:leather_helmet":1,"minecraft:stick":4,"minecraft:dirt":12,"minecraft:snowball":35,"minecraft:chain":2,"minecraft:bone":2,"minecraft:armor_stand":1,"horseshoes:iron_horseshoes":2,"minecraft:stone_axe":1,"minecraft:kelp":1,"minecraft:sugar_cane":1,"minecraft:stone_sword":1,"minecraft:bowl":3,"minecraft:rotten_flesh":1,"minecraft:chainmail_chestplate":1,"minecraft:leather_chestplate":2,"minecraft:potato":1,"minecraft:gunpowder":1,"minecraft:leather_boots":2,"minecraft:leather_leggings":4,"minecraft:wooden_pickaxe":1,"minecraft:stone_pickaxe":1},"minecraft:picked_up":{"iceandfire:siren_tear":1,"minecraft:crafting_table":12,"minecraft:leather_leggings":1,"minecraft:chain":4,"minecraft:string":8,"minecraft:iron_axe":7,"aquamirae:pirate_pouch":5,"minecraft:cooked_salmon":1,"minecraft:armor_stand":2,"minecraft:spruce_planks":60,"minecraft:spruce_slab":3,"minecraft:furnace":5,"iceandfire:dragonbone":12,"minecraft:stick":6,"minecraft:oak_fence":1,"aquamirae:shell_horn":1,"minecraft:torch":18,"minecraft:bowl":2,"aquamirae:esca":8,"minecraft:prismarine_crystals":2,"minecraft:dark_oak_planks":2,"iceandfire:dragon_skull_ice":1,"minecraft:stone_sword":1,"minecraft:arrow":2,"minecraft:cooked_cod":7,"minecraft:rotten_flesh":5,"minecraft:hay_block":7,"minecraft:cod":25,"minecraft:snowball":40,"minecraft:cobblestone":75,"minecraft:chainmail_chestplate":2,"minecraft:dirt":72,"lootr:trophy":1,"minecraft:white_banner":2,"aquamirae:fin":14,"minecraft:cooked_mutton":1,"minecraft:bone":2,"minecraft:kelp":1,"minecraft:spruce_wood":1,"minecraft:iron_ingot":18,"minecraft:gray_bed":5,"minecraft:book":24,"aquamirae:anglers_fang":2,"minecraft:sand":1,"iceandfire:shiny_scales":2,"minecraft:spruce_sapling":15,"minecraft:spruce_log":53,"minecraft:spider_eye":1,"minecraft:leather_helmet":1,"minecraft:spruce_boat":12,"minecraft:crossbow":2,"minecraft:gray_wool":4,"minecraft:emerald":37,"minecraft:chainmail_helmet":3,"horseshoes:iron_horseshoes":1},"minecraft:custom":{"lootr:looted_stat":137,"incapacitated:times_incapped":14,"minecraft:mob_kills":89,"minecraft:interact_with_crafting_table":46,"minecraft:open_barrel":54,"minecraft:interact_with_campfire":8,"minecraft:leave_game":3,"minecraft:time_since_death":29,"minecraft:climb_one_cm":8045,"minecraft:sprint_one_cm":233336,"minecraft:walk_one_cm":313457,"minecraft:damage_blocked_by_shield":575,"minecraft:drop":38,"minecraft:play_time":122407,"minecraft:deaths":14,"minecraft:sneak_time":5139,"minecraft:walk_under_water_one_cm":94430,"minecraft:boat_one_cm":260982,"minecraft:interact_with_lectern":1,"minecraft:jump":2148,"minecraft:interact_with_blast_furnace":1,"minecraft:walk_on_water_one_cm":54088,"minecraft:total_world_time":122407,"minecraft:interact_with_furnace":31,"minecraft:sleep_in_bed":3,"minecraft:time_since_rest":60,"minecraft:damage_taken":18374,"minecraft:damage_dealt":29148,"minecraft:swim_one_cm":148067,"minecraft:fly_one_cm":501901,"minecraft:crouch_one_cm":12042,"minecraft:fall_one_cm":36190},"minecraft:mined":{"minecraft:dark_oak_planks":4,"minecraft:spruce_planks":17,"minecraft:grass_block":4,"minecraft:spruce_leaves":2,"minecraft:kelp":1,"minecraft:hay_block":7,"minecraft:tall_seagrass":1,"minecraft:furnace":5,"treechop:chopped_log":8,"minecraft:bookshelf":8,"minecraft:packed_ice":5,"minecraft:spruce_wood":1,"minecraft:stone":52,"minecraft:spruce_slab":3,"minecraft:snow_block":9,"minecraft:oak_fence":1,"minecraft:crafting_table":12,"iceandfire:dragon_ice_spikes":2,"minecraft:tall_grass":1,"minecraft:cobblestone":3,"minecraft:chain":2,"minecraft:gray_wool":4,"lootr:trophy":1,"minecraft:ice":1,"minecraft:gray_bed":6,"minecraft:spruce_log":11,"minecraft:grass":1,"minecraft:dirt":17,"minecraft:cobweb":9}},"DataVersion":3465}