{"stats":{"minecraft:mined":{"minecraft:dark_oak_planks":2,"minecraft:dark_prismarine_stairs":1,"create:deepslate_zinc_ore":2,"minecraft:spruce_planks":5,"iceandfire:graveyard_soil":8,"minecraft:farmland":1,"minecraft:jungle_leaves":2,"minecraft:brewing_stand":1,"minecraft:cave_vines_plant":4,"minecraft:grass_block":5,"minecraft:coal_block":80,"minecraft:green_concrete":12,"minecraft:bamboo_block":34,"minecraft:spawner":5,"minecraft:dark_oak_trapdoor":2,"minecraft:iron_ore":42,"minecraft:cobbled_deepslate":8,"minecraft:deepslate_lapis_ore":2,"minecraft:anvil":1,"minecraft:dark_oak_stairs":1,"diagonalfences:minecraft/spruce_fence":1,"create:asurine":2,"minecraft:cave_vines":13,"minecraft:flowering_azalea_leaves":2,"amendments:wall_lantern":4,"minecraft:iron_bars":1,"minecraft:purple_carpet":8,"minecraft:azalea_leaves":2,"minecraft:stripped_mangrove_wood":1,"create:veridium":2,"minecraft:player_head":1,"minecraft:spruce_slab":1,"minecraft:waxed_cut_copper":2,"brewery:wild_hops":3,"minecraft:blackstone":178,"soulsweapons:verglas_ore_deepslate":9,"minecraft:amethyst_cluster":5,"farm_and_charm:wild_beetroots":4,"minecraft:clay":32,"minecraft:torch":1,"minecraft:calcite":4,"minecraft:polished_andesite_stairs":1,"minecraft:chest":6,"minecraft:cobblestone":3,"camping:small_backpack":23,"minecraft:wall_torch":5,"minecraft:amethyst_block":4,"farm_and_charm:wild_onions":9,"minecraft:wheat":19,"minecraft:lilac":2,"minecraft:light_gray_wool":4,"minecraft:grass":31,"minecraft:sand":17,"minecraft:dirt":15,"minecraft:oak_leaves":1,"minecraft:deepslate":178,"soulsweapons:verglas_ore":9,"create:zinc_ore":15,"minecraft:tuff":19,"iceandfire:silver_ore":24,"minecraft:dark_oak_leaves":2,"minecraft:deepslate_diamond_ore":14,"minecraft:spruce_fence":1,"minecraft:spruce_leaves":5,"minecraft:moss_block":191,"minecraft:sandstone":7,"minecraft:large_fern":8,"minecraft:hay_block":7,"treechop:chopped_log":4,"minecraft:big_dripleaf_stem":1,"minecraft:gold_block":1,"soulsweapons:moonstone_ore_deepslate":26,"minecraft:deepslate_iron_ore":82,"minecraft:vine":6,"minecraft:lantern":4,"minecraft:bamboo":20,"minecraft:stone":276,"minecraft:podzol":3,"minecraft:acacia_leaves":1,"minecraft:scaffolding":1,"minecraft:magenta_stained_glass":1,"minecraft:basalt":2,"minecraft:spruce_door":3,"minecraft:oak_fence":1,"minecraft:crafting_table":2,"minecraft:blackstone_slab":1,"minecraft:rose_bush":2,"minecraft:lightning_rod":2,"minecraft:tall_grass":15,"minecraft:copper_ore":16,"minecraft:deepslate_gold_ore":5,"minecraft:diorite":2,"minecraft:big_dripleaf":2,"minecraft:spruce_stairs":1,"minecraft:purple_stained_glass":1,"minecraft:sweet_berry_bush":2,"minecraft:gray_bed":1,"minecraft:spruce_log":5,"minecraft:coal_ore":115,"minecraft:gravel":17,"minecraft:cyan_carpet":1,"minecraft:gray_carpet":5,"minecraft:cobweb":12,"minecraft:polished_andesite":5,"minecraft:small_dripleaf":2,"minecraft:deepslate_emerald_ore":4,"minecraft:fern":9},"minecraft:dropped":{"minecraft:moss_block":5,"naturalist:antler":1,"minecraft:brown_mushroom":47,"minecraft:stripped_mangrove_wood":1,"minecraft:oak_log":21,"minecraft:glow_ink_sac":1,"immersive_melodies:trumpet":1,"minecraft:dark_oak_sapling":50,"farm_and_charm:strawberry":20,"minecraft:glow_berries":1,"minecraft:leather":2,"minecraft:red_mushroom":9,"minecraft:cod":13,"minecraft:emerald":12,"minecraft:dirt":7,"minecraft:dark_oak_log":115,"minecraft:chain":3,"immersive_melodies:triangle":1,"minecraft:dark_oak_planks":5,"magistuarmoryaddon:embosed_parade_boots":1,"minecraft:bone":11,"minecraft:gravel":4,"minecraft:blackstone":5,"minecraft:spyglass":2,"minecraft:iron_nugget":3,"minecraft:cobbled_deepslate":17,"minecraft:birch_sapling":16,"minecraft:wheat":1,"minecraft:beetroot":6,"minecraft:rotten_flesh":9,"iceandfire:chain":3,"minecraft:gunpowder":4,"naturalist:venison":6,"minecraft:ladder":1,"minecraft:painting":1,"minecraft:blackstone_slab":1,"minecraft:basalt":1,"minecraft:beef":6,"minecraft:scaffolding":2,"minecraft:iron_ingot":2,"minecraft:wheat_seeds":5,"minecraft:lilac":1,"minecraft:cobblestone":1,"soulsweapons:holy_greatsword":1,"minecraft:stick":8,"minecraft:torch":70,"minecraft:wooden_axe":2,"magistuarmory:steel_ingot":8,"minecraft:iron_leggings":2,"magistuarmoryaddon:engraved_chestplate":1,"magistuarmoryaddon:closed_barbute":1,"farm_and_charm:onion":52,"minecraft:gray_carpet":3,"minecraft:spruce_sapling":1,"iceandfire:dragonbone":2,"minecraft:moss_carpet":6,"minecraft:sweet_berries":6,"minecraft:tuff":4,"minecraft:clay_ball":148,"iceandfire:dragon_skull_ice":4,"soulsweapons:kirkhammer":3,"magistuarmoryaddon:avant_leggings":1,"minecraft:shears":1,"minecraft:lightning_rod":1,"minecraft:big_dripleaf":7,"minecraft:hay_block":3,"farm_and_charm:strawberry_seeds":1,"create:veridium":2,"create:zinc_ingot":6,"minecraft:spruce_planks":2,"brewery:hops_seeds":2,"minecraft:bow":1,"minecraft:calcite":2},"minecraft:crafted":{"minecraft:dark_oak_boat":4,"minecraft:chain":3,"minecraft:stone":6,"soulsweapons:moonstone_axe":1,"minecraft:chest":9,"minecraft:copper_block":1,"magistuarmory:small_steel_plate":24,"smallships:cannon_ball":4,"magistuarmory:steel_nugget":27,"minecraft:crafting_table":1,"soulsweapons:kirkhammer":1,"minecraft:spruce_door":3,"immersive_melodies:lute":1,"minecraft:copper_ingot":49,"rechiseled:chisel":1,"magistuarmory:halfarmor_chestplate":1,"minecraft:iron_chestplate":1,"magistuarmoryaddon:embosed_parade_boots":1,"minecraft:shield":1,"minecraft:stick":12,"magistuarmoryaddon:avant_leggings":1,"minecraft:iron_ingot":76,"minecraft:iron_pickaxe":1,"minecraft:iron_block":3,"magistuarmoryaddon:closed_barbute":1,"minecraft:iron_nugget":27,"immersive_melodies:trumpet":1,"minecraft:furnace":3,"immersive_melodies:triangle":1,"immersive_melodies:flute":1,"magistuarmoryaddon:engraved_chestplate":1,"magistuarmory:steel_ingot":36,"smallships:cannon":1,"minecraft:cobblestone_wall":6,"soulsweapons:moonstone_pickaxe":1,"minecraft:spruce_boat":1,"minecraft:dark_oak_planks":192,"magistuarmory:steel_plate":8,"minecraft:wheat":63,"minecraft:cooked_beef":4,"minecraft:enchanting_table":1,"minecraft:iron_sword":1,"minecraft:bucket":2,"minecraft:bread":23,"minecraft:air":0,"minecraft:wooden_axe":1,"minecraft:iron_leggings":1,"pack_it_up:cloth":5,"create:zinc_ingot":5},"minecraft:picked_up":{"minecraft:wooden_axe":1,"farmersdelight:cabbage_rolls":2,"minecraft:wheat":25,"minecraft:anvil":1,"soulsweapons:moonstone":26,"minecraft:potion":2,"minecraft:brewing_stand":1,"minecraft:string":24,"minecraft:raw_copper":61,"minecraft:iron_leggings":2,"minecraft:beetroot":17,"magistuarmoryaddon:engraved_chestplate":1,"minecraft:cobbled_deepslate":185,"bosses_of_mass_destruction:soul_star":1,"minecraft:spruce_planks":3,"minecraft:written_book":1,"minecraft:calcite":2,"immersive_melodies:triangle":1,"minecraft:coal_block":80,"minecraft:stick":11,"minecraft:big_dripleaf":7,"minecraft:oak_fence":1,"minecraft:torch":79,"minecraft:lightning_rod":3,"minecraft:bamboo_block":34,"farmersdelight:fried_egg":8,"minecraft:rotten_flesh":35,"create:asurine":1,"create:veridium":2,"magistuarmoryaddon:embosed_parade_boots":1,"minecraft:iron_bars":1,"vinery:apple_log":7,"minecraft:cobblestone":267,"minecraft:birch_log":15,"minecraft:lilac":1,"minecraft:dark_oak_boat":1,"minecraft:potato":26,"minecraft:tuff":8,"create:raw_zinc":16,"minecraft:lapis_lazuli":14,"minecraft:dirt":20,"minecraft:lantern":10,"brewery:hops_seeds":2,"minecraft:bone":32,"minecraft:bow":4,"minecraft:wheat_seeds":61,"minecraft:raw_gold":5,"minecraft:glowstone_dust":2,"minecraft:bamboo":17,"minecraft:moss_block":75,"minecraft:sand":17,"minecraft:dark_oak_log":115,"naturalist:antler":1,"minecraft:diamond":14,"minecraft:spruce_boat":1,"minecraft:golden_apple":1,"soulsweapons:verglas":18,"minecraft:emerald":12,"camping:small_backpack":23,"iceandfire:raw_silver":24,"minecraft:crafting_table":2,"iceandfire:witherbone":4,"minecraft:ladder":1,"minecraft:clay_ball":136,"naturalist:venison":6,"iceandfire:chain":3,"minecraft:gold_block":1,"minecraft:moss_carpet":2,"minecraft:blackstone":177,"minecraft:cyan_carpet":1,"vinery:apple_tree_sapling":3,"minecraft:beef":6,"minecraft:player_head":1,"minecraft:light_gray_wool":5,"minecraft:chest":6,"minecraft:birch_sapling":10,"minecraft:egg":1,"minecraft:dark_oak_sapling":50,"iceandfire:dragonbone":61,"minecraft:raw_iron":127,"minecraft:sandstone":7,"minecraft:stripped_mangrove_wood":1,"minecraft:spruce_fence":1,"minecraft:redstone":2,"create:zinc_ingot":1,"minecraft:dark_oak_planks":12,"iceandfire:dragon_skull_ice":7,"magistuarmory:steel_ingot":8,"minecraft:arrow":48,"minecraft:shears":1,"minecraft:hay_block":10,"farm_and_charm:strawberry":10,"minecraft:totem_of_undying":1,"minecraft:glow_berries":91,"minecraft:mutton":1,"minecraft:white_wool":6,"minecraft:basalt":1,"minecraft:glow_ink_sac":1,"minecraft:leather":4,"minecraft:blackstone_slab":1,"minecraft:gunpowder":9,"farm_and_charm:wild_beetroots":1,"farm_and_charm:onion":54,"minecraft:apple":63,"minecraft:gray_carpet":3,"minecraft:iron_ingot":3,"minecraft:gray_bed":1,"minecraft:dark_oak_stairs":1,"minecraft:scaffolding":2,"minecraft:polished_andesite_stairs":1,"magistuarmoryaddon:avant_leggings":1,"soulsweapons:holy_greatsword":1,"minecraft:sweet_berries":6,"minecraft:spyglass":2,"minecraft:gravel":4,"minecraft:amethyst_shard":20,"minecraft:spruce_sapling":11,"minecraft:spruce_log":166,"minecraft:spruce_door":4,"minecraft:spider_eye":4,"soulsweapons:kirkhammer":3,"minecraft:slime_ball":10,"minecraft:painting":1,"minecraft:coal":114,"magistuarmoryaddon:closed_barbute":1},"minecraft:killed_by":{"minecraft:husk":1,"minecraft:player":1},"minecraft:broken":{"minecraft:iron_chestplate":1,"minecraft:iron_leggings":2,"minecraft:iron_pickaxe":3,"minecraft:iron_helmet":1},"minecraft:killed":{"minecraft:cave_spider":3,"minecraft:witch":5,"minecraft:spider":5,"minecraft:skeleton":41,"minecraft:zombie_villager":2,"minecraft:strider":1,"minecraft:creeper":4,"minecraft:sheep":1,"minecraft:pillager":8,"minecraft:zombie":52,"minecraft:cow":1,"minecraft:vex":2,"minecraft:vindicator":2,"minecraft:slime":13,"naturalist:coral_snake":1,"naturalist:deer":1,"minecraft:husk":4,"naturalist:bear":1,"iceandfire:ghost":2,"minecraft:wither_skeleton":5,"minecraft:enderman":1},"minecraft:custom":{"lootr:looted_stat":52,"minecraft:interact_with_crafting_table":95,"minecraft:open_shulker_box":61,"minecraft:leave_game":7,"minecraft:time_since_death":15892,"minecraft:sprint_one_cm":616227,"minecraft:damage_blocked_by_shield":660,"minecraft:drop":120,"minecraft:talked_to_villager":2,"minecraft:play_time":191818,"minecraft:deaths":3,"minecraft:jump":5140,"minecraft:interact_with_brewingstand":1,"minecraft:walk_on_water_one_cm":25720,"minecraft:interact_with_furnace":47,"minecraft:sleep_in_bed":11,"minecraft:damage_dealt":29541,"minecraft:crouch_one_cm":27150,"incapacitated:times_revived":4,"incapacitated:times_incapped":3,"minecraft:mob_kills":156,"minecraft:interact_with_anvil":7,"minecraft:climb_one_cm":25205,"minecraft:walk_one_cm":536873,"minecraft:sneak_time":7309,"minecraft:walk_under_water_one_cm":25089,"minecraft:boat_one_cm":115059,"minecraft:interact_with_blast_furnace":60,"minecraft:total_world_time":191818,"minecraft:tune_noteblock":1,"minecraft:time_since_rest":10188,"minecraft:damage_taken":7635,"minecraft:damage_absorbed":80,"minecraft:trigger_trapped_chest":2,"minecraft:swim_one_cm":57544,"minecraft:fly_one_cm":941768,"minecraft:open_chest":296,"minecraft:fall_one_cm":150838},"minecraft:used":{"minecraft:moss_block":67,"minecraft:beetroot":5,"minecraft:iron_shovel":102,"iceandfire:dragon_skull_ice":3,"minecraft:chest":15,"minecraft:shield":37,"lootr:trophy":1,"minecraft:player_head":1,"minecraft:rotten_flesh":18,"minecraft:iron_chestplate":1,"supplementaries:globe":1,"soulsweapons:moonstone_axe":30,"minecraft:tuff":4,"minecraft:axolotl_bucket":2,"minecraft:spruce_boat":3,"minecraft:lava_bucket":1,"minecraft:lantern":9,"minecraft:polished_andesite_stairs":1,"farm_and_charm:wild_beetroots":1,"minecraft:bow":5,"minecraft:dark_oak_boat":5,"minecraft:written_book":1,"minecraft:furnace":3,"minecraft:gray_bed":2,"minecraft:egg":1,"minecraft:potato":18,"minecraft:dark_oak_stairs":1,"minecraft:spruce_door":7,"minecraft:blackstone":21,"minecraft:golden_apple":2,"minecraft:glow_berries":89,"minecraft:sand":1,"camping:small_backpack":24,"minecraft:crossbow":4,"minecraft:dark_oak_log":2,"minecraft:bread":79,"minecraft:cyan_carpet":1,"create:asurine":1,"minecraft:coal_block":2,"aquamirae:dagger_of_greed":50,"minecraft:bone_meal":75,"minecraft:iron_bars":1,"minecraft:enchanting_table":1,"minecraft:spruce_planks":68,"minecraft:torch":185,"minecraft:brewing_stand":1,"minecraft:dirt":13,"minecraft:spyglass":14,"minecraft:anvil":1,"magistuarmory:halfarmor_chestplate":1,"farm_and_charm:onion":2,"minecraft:cobblestone_wall":1,"minecraft:spruce_fence":1,"minecraft:dark_oak_planks":89,"minecraft:wooden_axe":1,"soulsweapons:kirkhammer":2,"magistuarmoryaddon:embosed_parade_boots":2,"minecraft:iron_axe":206,"magistuarmoryaddon:avant_leggings":1,"minecraft:bamboo":10,"magistuarmoryaddon:closed_barbute":1,"minecraft:cobbled_deepslate":93,"minecraft:iron_leggings":1,"minecraft:water_bucket":36,"soulsweapons:moonstone_pickaxe":552,"minecraft:crafting_table":18,"bosses_of_mass_destruction:soul_star":1,"soulsweapons:holy_greatsword":491,"minecraft:apple":8,"minecraft:iron_pickaxe":636,"minecraft:spruce_sapling":4,"minecraft:cobblestone":69,"minecraft:bucket":41,"vinery:apple_tree_sapling":1}},"DataVersion":3465}