{"stats":{"minecraft:broken":{"minecraft:iron_boots":1,"minecraft:iron_chestplate":1,"minecraft:iron_leggings":1,"minecraft:iron_axe":1,"minecraft:leather_boots":1,"minecraft:iron_helmet":1},"minecraft:killed_by":{"minecraft:vindicator":1,"aquamirae:captain_cornelia":6},"minecraft:crafted":{"minecraft:furnace":1,"soulsweapons:holy_greatsword":1,"minecraft:iron_boots":1,"minecraft:iron_axe":2,"minecraft:stone_pickaxe":1,"minecraft:spruce_boat":3,"minecraft:gray_bed":1,"minecraft:cooked_cod":24,"aquamirae:terrible_helmet":1,"minecraft:spruce_planks":44,"minecraft:wooden_pickaxe":1,"minecraft:iron_helmet":1,"minecraft:iron_sword":1,"minecraft:cooked_salmon":14,"minecraft:bucket":1,"minecraft:stone_axe":1,"minecraft:air":0,"minecraft:bread":5,"minecraft:iron_chestplate":1,"minecraft:shield":1,"minecraft:iron_ingot":4,"minecraft:iron_pickaxe":1,"minecraft:stone_sword":1,"minecraft:iron_leggings":2},"minecraft:killed":{"minecraft:spider":1,"minecraft:vindicator":21,"minecraft:skeleton":2,"iceandfire:siren":1,"aquamirae:maw":4,"minecraft:creeper":2,"minecraft:pillager":22,"minecraft:zombie":9,"aquamirae:anglerfish":9},"minecraft:used":{"minecraft:stone_sword":98,"minecraft:iron_shovel":10,"aquamirae:sea_stew":1,"minecraft:spruce_planks":19,"minecraft:shield":16,"lootr:trophy":1,"minecraft:cooked_salmon":10,"minecraft:rotten_flesh":3,"minecraft:dirt":41,"minecraft:carrot":5,"minecraft:snowball":5,"minecraft:spruce_boat":8,"minecraft:iron_axe":50,"minecraft:furnace":6,"minecraft:cooked_cod":28,"minecraft:gray_bed":5,"minecraft:cooked_mutton":1,"minecraft:stone_pickaxe":28,"minecraft:wooden_pickaxe":29,"minecraft:crafting_table":10,"minecraft:crossbow":1,"minecraft:cod":3,"soulsweapons:holy_greatsword":357,"minecraft:apple":6,"minecraft:bread":23,"minecraft:iron_pickaxe":10,"minecraft:suspicious_stew":1,"minecraft:spruce_sapling":12,"aquamirae:terrible_helmet":1,"minecraft:stone_axe":22,"minecraft:cobblestone":13,"minecraft:white_banner":2,"minecraft:bucket":1,"minecraft:chain":2,"aquamirae:dagger_of_greed":55},"minecraft:dropped":{"minecraft:oak_fence":1,"minecraft:prismarine_crystals":2,"minecraft:chainmail_helmet":3,"minecraft:leather_helmet":1,"minecraft:stick":4,"minecraft:dirt":12,"minecraft:snowball":35,"minecraft:chain":2,"minecraft:armor_stand":1,"minecraft:bone":2,"horseshoes:iron_horseshoes":2,"minecraft:stone_axe":1,"minecraft:sugar_cane":1,"minecraft:stone_sword":1,"minecraft:bowl":3,"minecraft:rotten_flesh":1,"minecraft:chainmail_chestplate":1,"minecraft:leather_chestplate":2,"minecraft:potato":1,"minecraft:gunpowder":1,"minecraft:leather_boots":2,"minecraft:leather_leggings":4,"minecraft:stone_pickaxe":1,"minecraft:wooden_pickaxe":1},"minecraft:picked_up":{"iceandfire:siren_tear":1,"minecraft:crafting_table":9,"minecraft:leather_leggings":1,"minecraft:chain":4,"minecraft:iron_axe":6,"minecraft:string":5,"aquamirae:pirate_pouch":3,"minecraft:armor_stand":2,"minecraft:spruce_planks":59,"minecraft:spruce_slab":3,"minecraft:furnace":5,"minecraft:stick":6,"minecraft:oak_fence":1,"aquamirae:shell_horn":1,"minecraft:torch":12,"minecraft:bowl":2,"aquamirae:esca":8,"minecraft:prismarine_crystals":2,"minecraft:dark_oak_planks":2,"minecraft:stone_sword":1,"minecraft:rotten_flesh":4,"minecraft:cooked_cod":4,"minecraft:snowball":40,"minecraft:cod":25,"minecraft:cobblestone":57,"minecraft:chainmail_chestplate":2,"minecraft:dirt":54,"lootr:trophy":1,"minecraft:white_banner":2,"aquamirae:fin":14,"minecraft:cooked_mutton":1,"minecraft:bone":2,"minecraft:iron_ingot":18,"minecraft:gray_bed":5,"minecraft:book":24,"aquamirae:anglers_fang":2,"iceandfire:shiny_scales":2,"minecraft:spruce_sapling":12,"minecraft:spruce_log":37,"minecraft:spider_eye":1,"minecraft:leather_helmet":1,"minecraft:spruce_boat":6,"minecraft:crossbow":2,"minecraft:gray_wool":4,"minecraft:emerald":29,"minecraft:chainmail_helmet":3,"horseshoes:iron_horseshoes":1},"minecraft:custom":{"lootr:looted_stat":110,"incapacitated:times_incapped":11,"minecraft:mob_kills":73,"minecraft:interact_with_crafting_table":35,"minecraft:open_barrel":38,"minecraft:interact_with_campfire":4,"minecraft:leave_game":2,"minecraft:time_since_death":2055,"minecraft:climb_one_cm":3129,"minecraft:sprint_one_cm":149410,"minecraft:walk_one_cm":250023,"minecraft:damage_blocked_by_shield":575,"minecraft:drop":37,"minecraft:play_time":91301,"minecraft:deaths":11,"minecraft:sneak_time":3567,"minecraft:walk_under_water_one_cm":78982,"minecraft:boat_one_cm":115618,"minecraft:interact_with_lectern":1,"minecraft:jump":1226,"minecraft:interact_with_blast_furnace":1,"minecraft:walk_on_water_one_cm":39023,"minecraft:total_world_time":91301,"minecraft:interact_with_furnace":31,"minecraft:sleep_in_bed":3,"minecraft:time_since_rest":2081,"minecraft:damage_taken":15144,"minecraft:damage_dealt":25801,"minecraft:swim_one_cm":102782,"minecraft:fly_one_cm":268443,"minecraft:crouch_one_cm":9018,"minecraft:fall_one_cm":23669},"minecraft:mined":{"minecraft:dark_oak_planks":4,"minecraft:spruce_planks":16,"minecraft:grass_block":4,"minecraft:tall_seagrass":1,"minecraft:furnace":5,"treechop:chopped_log":4,"minecraft:bookshelf":8,"minecraft:packed_ice":2,"minecraft:stone":35,"minecraft:spruce_slab":3,"minecraft:snow_block":9,"minecraft:oak_fence":1,"iceandfire:dragon_ice_spikes":2,"minecraft:crafting_table":9,"minecraft:tall_grass":1,"minecraft:cobblestone":3,"minecraft:gray_wool":4,"minecraft:chain":2,"lootr:trophy":1,"minecraft:ice":1,"minecraft:gray_bed":6,"minecraft:spruce_log":8,"minecraft:dirt":16,"minecraft:cobweb":6}},"DataVersion":3465}