{"stats":{"minecraft:crafted":{"minecraft:wooden_axe":1},"minecraft:killed_by":{"naturalist:bear":1},"minecraft:used":{"minecraft:wooden_axe":19,"minecraft:crafting_table":1},"minecraft:picked_up":{"minecraft:stick":5,"minecraft:spruce_sapling":16,"minecraft:spruce_log":31},"minecraft:custom":{"minecraft:time_since_rest":8687,"minecraft:play_time":17057,"minecraft:sprint_one_cm":28025,"minecraft:walk_one_cm":11606,"minecraft:damage_taken":495,"minecraft:deaths":1,"minecraft:sneak_time":184,"incapacitated:times_incapped":1,"minecraft:walk_under_water_one_cm":663,"minecraft:jump":224,"minecraft:damage_dealt":60,"minecraft:time_since_death":8664,"minecraft:walk_on_water_one_cm":676,"minecraft:total_world_time":17057,"minecraft:swim_one_cm":1310,"minecraft:interact_with_crafting_table":1,"minecraft:fall_one_cm":7073,"minecraft:fly_one_cm":104141},"minecraft:mined":{"minecraft:packed_ice":1,"treechop:chopped_log":4}},"DataVersion":3465}