{"stats":{"minecraft:picked_up":{"minecraft:beetroot":1,"minecraft:stone_axe":1,"minecraft:beetroot_seeds":1,"minecraft:spruce_planks":4,"minecraft:stone_pickaxe":1,"minecraft:sand":8,"minecraft:shield":1,"farmersdelight:cabbage_seeds":2,"minecraft:snowball":16,"minecraft:dirt":16},"minecraft:custom":{"minecraft:time_since_rest":3260,"minecraft:crouch_one_cm":748,"minecraft:play_time":23726,"minecraft:sprint_one_cm":48243,"minecraft:damage_taken":1360,"minecraft:walk_one_cm":19257,"minecraft:deaths":3,"minecraft:walk_under_water_one_cm":1352,"minecraft:sneak_time":258,"incapacitated:times_incapped":3,"minecraft:jump":598,"minecraft:damage_dealt":-84,"minecraft:leave_game":19,"minecraft:time_since_death":3235,"minecraft:walk_on_water_one_cm":3719,"minecraft:total_world_time":23726,"minecraft:swim_one_cm":7806,"minecraft:fly_one_cm":178945,"minecraft:player_kills":1,"minecraft:fall_one_cm":17596},"minecraft:mined":{"minecraft:grass":5,"farmersdelight:wild_beetroots":1,"minecraft:grass_block":4,"minecraft:spruce_planks":4,"minecraft:dirt":10,"minecraft:tall_grass":3,"farmersdelight:wild_cabbages":2},"minecraft:killed_by":{"minecraft:stray":1,"minecraft:zombie":1,"minecraft:player":1},"minecraft:used":{"minecraft:beetroot":1,"minecraft:dirt":13,"minecraft:spruce_planks":4,"minecraft:snowball":16}},"DataVersion":3465}