{"stats":{"minecraft:custom":{"lootr:looted_stat":10,"incapacitated:times_incapped":5,"minecraft:mob_kills":51,"minecraft:interact_with_crafting_table":22,"minecraft:leave_game":1,"minecraft:time_since_death":100917,"minecraft:climb_one_cm":2634,"minecraft:sprint_one_cm":257028,"minecraft:walk_one_cm":231970,"minecraft:damage_blocked_by_shield":2545,"minecraft:drop":27,"minecraft:play_time":169868,"minecraft:deaths":5,"minecraft:sneak_time":2272,"minecraft:walk_under_water_one_cm":15060,"minecraft:boat_one_cm":161651,"minecraft:jump":1226,"minecraft:interact_with_blast_furnace":4,"minecraft:walk_on_water_one_cm":32857,"minecraft:total_world_time":169868,"minecraft:interact_with_furnace":13,"minecraft:sleep_in_bed":1,"minecraft:time_since_rest":67719,"minecraft:damage_taken":2605,"minecraft:trigger_trapped_chest":7,"minecraft:damage_dealt":9861,"minecraft:swim_one_cm":45066,"minecraft:fly_one_cm":266463,"minecraft:open_chest":8,"minecraft:crouch_one_cm":4601,"minecraft:fall_one_cm":22082},"minecraft:picked_up":{"iceandfire:dragon_skull_lightning":2,"minecraft:crafting_table":1,"minecraft:ladder":6,"minecraft:chain":2,"minecraft:string":3,"minecraft:moss_carpet":2,"iceandfire:graveyard_soil":1,"minecraft:spruce_planks":3,"minecraft:poppy":1,"minecraft:mangrove_log":62,"minecraft:furnace":1,"minecraft:polished_deepslate_slab":1,"minecraft:stick":120,"minecraft:raw_iron":1,"iceandfire:ghost_chest":1,"iceandfire:dragonbone":48,"minecraft:torch":2,"iceandfire:dragon_skull_ice":2,"minecraft:rotten_flesh":10,"iceandfire:silver_ingot":2,"minecraft:arrow":9,"minecraft:mangrove_roots":24,"minecraft:obsidian":14,"minecraft:mutton":2,"minecraft:rail":3,"minecraft:iron_bars":3,"minecraft:white_wool":4,"minecraft:cobblestone":3,"minecraft:leather":1,"minecraft:oak_log":342,"minecraft:lily_pad":9,"iceandfire:ectoplasm":4,"minecraft:dirt":400,"brewery:hops_seeds":2,"minecraft:bone":9,"minecraft:apple":18,"minecraft:wheat_seeds":5,"minecraft:moss_block":12,"minecraft:flowering_azalea":3,"naturalist:cattail_fluff":24,"minecraft:spruce_sapling":41,"minecraft:blast_furnace":1,"minecraft:spruce_log":84,"minecraft:mossy_cobblestone":7,"minecraft:spruce_boat":2,"minecraft:oak_sapling":158,"minecraft:mangrove_propagule":13},"minecraft:mined":{"naturalist:cattail":7,"iceandfire:graveyard_soil":1,"minecraft:mossy_cobblestone":4,"minecraft:mangrove_roots":29,"minecraft:obsidian":14,"minecraft:ladder":6,"minecraft:grass_block":279,"minecraft:spruce_leaves":4,"minecraft:moss_block":14,"minecraft:spruce_sapling":4,"minecraft:furnace":1,"minecraft:iron_ore":1,"treechop:chopped_log":44,"minecraft:cave_vines":1,"minecraft:polished_deepslate_slab":1,"minecraft:vine":4,"minecraft:iron_bars":4,"minecraft:stone":2,"minecraft:flowering_azalea":1,"brewery:wild_hops":3,"minecraft:crafting_table":1,"minecraft:torch":1,"minecraft:blast_furnace":1,"iceandfire:ghost_chest":1,"minecraft:dead_bush":1,"minecraft:tall_grass":5,"minecraft:cobblestone":1,"minecraft:black_concrete_powder":1,"minecraft:birch_leaves":3,"minecraft:spruce_log":7,"minecraft:mangrove_leaves":2,"minecraft:grass":23,"minecraft:oak_log":12,"minecraft:dirt":107,"minecraft:mangrove_log":3,"minecraft:stone_bricks":1,"minecraft:oak_leaves":16,"minecraft:fern":6},"minecraft:broken":{"minecraft:stone_shovel":2},"minecraft:killed":{"minecraft:spider":2,"minecraft:vindicator":1,"naturalist:tortoise":2,"minecraft:skeleton":8,"minecraft:drowned":4,"minecraft:creeper":5,"naturalist:rhino":1,"minecraft:sheep":5,"minecraft:goat":1,"minecraft:zombie":16,"iceandfire:ghost":3},"minecraft:used":{"minecraft:polished_deepslate":8,"minecraft:stone_shovel":386,"minecraft:ladder":5,"iceandfire:dragon_skull_ice":1,"minecraft:spruce_planks":2,"minecraft:chest":2,"minecraft:rotten_flesh":11,"minecraft:torch":5,"minecraft:dirt":60,"minecraft:carrot":2,"minecraft:spruce_boat":4,"minecraft:iron_axe":48,"iceandfire:ghost_chest":1,"minecraft:sweet_berries":6,"minecraft:mangrove_roots":3,"minecraft:furnace":1,"minecraft:cobbled_deepslate":2,"minecraft:water_bucket":47,"minecraft:stone_pickaxe":6,"soulsweapons:moonstone_pickaxe":52,"minecraft:diamond_axe":534,"iceandfire:dragon_skull_lightning":1,"minecraft:deepslate_bricks":28,"minecraft:crafting_table":3,"minecraft:blast_furnace":1,"minecraft:white_bed":1,"minecraft:apple":11,"minecraft:bread":4,"minecraft:iron_pickaxe":11,"iceandfire:graveyard_soil":1,"minecraft:spruce_sapling":14,"minecraft:bucket":48},"minecraft:dropped":{"minecraft:wheat_seeds":1,"minecraft:mossy_cobblestone":3,"iceandfire:ectoplasm":4,"minecraft:copper_ingot":1,"minecraft:rail":3,"minecraft:stick":1,"minecraft:dirt":10,"minecraft:diorite":2,"minecraft:chain":2,"minecraft:spruce_sapling":17,"minecraft:bone":7,"minecraft:smooth_basalt":1,"minecraft:stone_axe":1,"minecraft:tuff":15,"minecraft:polished_deepslate_slab":1,"minecraft:rotten_flesh":1,"naturalist:cattail_fluff":12,"minecraft:poppy":1,"minecraft:potato":6,"create:veridium":24,"minecraft:andesite":8,"iceandfire:silver_ingot":2,"minecraft:ladder":1,"create:limestone":6,"minecraft:arrow":10,"minecraft:wooden_pickaxe":1},"minecraft:killed_by":{"minecraft:zombie":1,"iceandfire:ghost":2},"minecraft:crafted":{"minecraft:smooth_stone":3,"minecraft:stone_shovel":4,"magistuarmory:wood_heatershield":1,"minecraft:blast_furnace":1,"minecraft:stone":4,"minecraft:polished_deepslate":60,"magistuarmory:diamond_kiteshield":1,"magistuarmory:steel_ingot":2,"minecraft:chest":8,"minecraft:spruce_boat":2,"magistuarmory:wood_kiteshield":1,"minecraft:diamond_axe":1,"minecraft:crafting_table":1,"minecraft:spruce_planks":108,"minecraft:bucket":1,"minecraft:air":0,"minecraft:string":4,"minecraft:white_wool":1,"minecraft:iron_ingot":10,"minecraft:white_bed":1,"minecraft:deepslate_bricks":28}},"DataVersion":3465}