{"stats":{"minecraft:broken":{"minecraft:stone_pickaxe":1},"minecraft:killed_by":{"minecraft:zombie":1,"minecraft:pillager":1},"minecraft:killed":{"minecraft:salmon":6,"minecraft:spider":1,"minecraft:vindicator":1,"minecraft:creeper":6,"bakery:wandering_baker":1,"naturalist:coral_snake":1,"minecraft:skeleton":8,"minecraft:pillager":2,"minecraft:zombie":12,"aquamirae:anglerfish":1},"minecraft:crafted":{"minecraft:oak_planks":28,"minecraft:crafting_table":2,"minecraft:spruce_planks":44,"minecraft:wooden_pickaxe":2,"minecraft:furnace":1,"minecraft:cooked_salmon":6,"minecraft:stone_axe":3,"minecraft:air":0,"minecraft:bow":1,"minecraft:shield":1,"minecraft:iron_axe":1,"minecraft:stick":24,"minecraft:iron_ingot":7,"minecraft:iron_pickaxe":1,"minecraft:stone_pickaxe":3,"soulsweapons:moonstone_pickaxe":1,"minecraft:spruce_boat":1,"minecraft:torch":24},"minecraft:used":{"minecraft:stone_pickaxe":144,"minecraft:oak_planks":29,"minecraft:wooden_pickaxe":37,"minecraft:shield":25,"soulsweapons:moonstone_pickaxe":447,"minecraft:cooked_salmon":7,"minecraft:rotten_flesh":7,"minecraft:torch":22,"minecraft:dirt":3,"minecraft:crafting_table":9,"minecraft:carrot":3,"minecraft:snowball":3,"minecraft:spruce_boat":3,"aquamirae:esca":1,"minecraft:iron_axe":29,"minecraft:iron_pickaxe":58,"minecraft:stone_axe":146,"minecraft:cobblestone":56,"minecraft:written_book":2,"minecraft:furnace":3,"minecraft:cooked_cod":3,"minecraft:cobbled_deepslate":155},"minecraft:dropped":{"minecraft:rotten_flesh":1,"minecraft:gunpowder":5,"minecraft:gold_nugget":13},"minecraft:picked_up":{"minecraft:crafting_table":9,"minecraft:andesite":8,"minecraft:salmon":6,"minecraft:potato":1,"soulsweapons:moonstone":14,"minecraft:tuff":15,"minecraft:oak_log":7,"minecraft:gunpowder":5,"minecraft:amethyst_block":90,"minecraft:dirt":13,"create:limestone":6,"minecraft:cooked_salmon":1,"minecraft:bone":4,"minecraft:bow":2,"minecraft:wheat_seeds":1,"minecraft:gold_nugget":13,"minecraft:cobbled_deepslate":300,"minecraft:written_book":1,"minecraft:sugar_cane":13,"minecraft:oak_planks":2,"minecraft:furnace":3,"minecraft:stick":11,"minecraft:raw_iron":17,"minecraft:smooth_basalt":1,"minecraft:torch":13,"minecraft:spruce_sapling":8,"minecraft:diorite":2,"minecraft:spruce_log":82,"aquamirae:esca":1,"minecraft:arrow":6,"minecraft:rotten_flesh":8,"minecraft:cooked_cod":3,"minecraft:diamond":18,"minecraft:spruce_boat":3,"create:veridium":24,"soulsweapons:verglas":1,"minecraft:emerald":6,"minecraft:oak_sapling":3,"minecraft:coal":8,"minecraft:snowball":3,"minecraft:cobblestone":133},"minecraft:custom":{"minecraft:interact_with_furnace":9,"lootr:looted_stat":5,"incapacitated:times_incapped":3,"minecraft:mob_kills":39,"minecraft:interact_with_crafting_table":14,"minecraft:interact_with_campfire":4,"minecraft:leave_game":1,"minecraft:time_since_death":175161,"minecraft:time_since_rest":175192,"minecraft:sprint_one_cm":199462,"minecraft:damage_taken":1988,"minecraft:walk_one_cm":237261,"minecraft:damage_blocked_by_shield":765,"minecraft:drop":3,"minecraft:damage_dealt":7276,"minecraft:swim_one_cm":13344,"minecraft:talked_to_villager":1,"minecraft:fly_one_cm":172631,"minecraft:crouch_one_cm":32903,"minecraft:play_time":221140,"minecraft:sneak_time":13502,"minecraft:deaths":2,"minecraft:walk_under_water_one_cm":13372,"minecraft:boat_one_cm":32847,"incapacitated:times_revived":2,"minecraft:jump":1310,"minecraft:walk_on_water_one_cm":11351,"minecraft:total_world_time":221140,"minecraft:fall_one_cm":23080},"minecraft:mined":{"minecraft:deepslate_redstone_ore":6,"minecraft:large_amethyst_bud":1,"create:deepslate_zinc_ore":1,"minecraft:tuff":18,"minecraft:deepslate_diamond_ore":18,"soulsweapons:verglas_ore_deepslate":1,"minecraft:crafting_table":9,"minecraft:torch":12,"minecraft:grass_block":1,"minecraft:calcite":1,"minecraft:tall_grass":9,"minecraft:cobblestone":5,"minecraft:spruce_leaves":2,"minecraft:sugar_cane":7,"minecraft:oak_planks":2,"minecraft:diorite":3,"minecraft:wall_torch":1,"minecraft:amethyst_block":91,"supplementaries:urn":2,"minecraft:furnace":3,"minecraft:iron_ore":2,"minecraft:cobbled_deepslate":2,"minecraft:spruce_log":8,"minecraft:andesite":8,"treechop:chopped_log":15,"minecraft:grass":18,"soulsweapons:moonstone_ore_deepslate":14,"minecraft:oak_log":3,"minecraft:coal_ore":8,"minecraft:deepslate_iron_ore":19,"minecraft:gravel":2,"minecraft:dirt":2,"minecraft:smooth_basalt":1,"minecraft:stone":129,"create:veridium":25,"create:limestone":6,"minecraft:deepslate":305}},"DataVersion":3465}