{"stats":{"minecraft:broken":{"minecraft:iron_shovel":1,"minecraft:shears":1,"soulsweapons:moonstone_pickaxe":1,"minecraft:iron_pickaxe":1,"minecraft:stone_shovel":3},"minecraft:picked_up":{"iceandfire:dragon_skull_lightning":2,"minecraft:crafting_table":1,"minecraft:brown_mushroom":1,"minecraft:ladder":6,"minecraft:chain":2,"minecraft:polished_deepslate":3,"minecraft:string":3,"minecraft:raw_copper":9,"minecraft:moss_carpet":2,"create:limestone":28,"minecraft:blackstone":273,"iceandfire:graveyard_soil":1,"minecraft:cobbled_deepslate":295,"bosses_of_mass_destruction:soul_star":1,"minecraft:spruce_planks":4,"minecraft:written_book":1,"minecraft:poppy":1,"minecraft:coal_block":13,"minecraft:chest":1,"minecraft:mangrove_log":62,"minecraft:furnace":1,"minecraft:polished_deepslate_slab":1,"iceandfire:dragonbone":48,"minecraft:raw_iron":33,"minecraft:stick":167,"iceandfire:ghost_chest":1,"minecraft:raw_gold_block":3,"minecraft:oak_fence":2,"minecraft:polished_deepslate_stairs":2,"minecraft:torch":6,"minecraft:spruce_fence":8,"minecraft:polished_blackstone_bricks":6,"minecraft:carrot":485,"minecraft:redstone":1,"iceandfire:dragon_skull_ice":2,"minecraft:rotten_flesh":17,"iceandfire:silver_ingot":2,"minecraft:arrow":22,"create:ochrum":27,"minecraft:deepslate_bricks":21,"minecraft:mangrove_roots":24,"minecraft:polished_blackstone":2,"minecraft:mutton":2,"minecraft:obsidian":14,"minecraft:white_wool":4,"minecraft:iron_bars":3,"minecraft:rail":3,"minecraft:cobblestone":884,"minecraft:leather":1,"minecraft:fern":1,"minecraft:red_mushroom":1,"minecraft:tuff":1,"create:raw_zinc":20,"minecraft:oak_log":488,"minecraft:lily_pad":9,"iceandfire:ectoplasm":4,"minecraft:lapis_lazuli":5,"minecraft:dirt":1216,"brewery:hops_seeds":2,"minecraft:mangrove_fence":2,"minecraft:bone":16,"minecraft:apple":23,"minecraft:wheat_seeds":17,"minecraft:raw_gold":14,"minecraft:mangrove_planks":2,"minecraft:glass_bottle":2,"minecraft:moss_block":12,"minecraft:flowering_azalea":15,"minecraft:oak_slab":8,"naturalist:cattail_fluff":24,"minecraft:gravel":6,"minecraft:blast_furnace":1,"minecraft:spruce_sapling":48,"minecraft:spruce_log":100,"minecraft:mossy_cobblestone":7,"minecraft:sugar":3,"minecraft:spruce_boat":2,"minecraft:grass":1,"soulsweapons:verglas":7,"minecraft:emerald":2,"minecraft:oak_sapling":212,"minecraft:oak_leaves":428,"minecraft:coal":31,"minecraft:mangrove_propagule":13,"iceandfire:raw_silver":4},"minecraft:custom":{"lootr:looted_stat":16,"incapacitated:times_incapped":5,"minecraft:mob_kills":80,"minecraft:interact_with_crafting_table":39,"minecraft:leave_game":2,"minecraft:time_since_death":256718,"minecraft:climb_one_cm":2714,"minecraft:sprint_one_cm":512393,"minecraft:walk_one_cm":1034012,"minecraft:damage_blocked_by_shield":3010,"minecraft:drop":46,"minecraft:play_time":325669,"minecraft:deaths":5,"minecraft:sneak_time":8966,"minecraft:walk_under_water_one_cm":20942,"minecraft:boat_one_cm":161651,"minecraft:jump":2698,"minecraft:interact_with_blast_furnace":4,"minecraft:walk_on_water_one_cm":50550,"minecraft:total_world_time":325669,"minecraft:interact_with_furnace":40,"minecraft:sleep_in_bed":5,"minecraft:time_since_rest":45712,"minecraft:damage_taken":3396,"minecraft:trigger_trapped_chest":7,"minecraft:damage_dealt":15541,"minecraft:swim_one_cm":47820,"minecraft:fly_one_cm":416531,"minecraft:open_chest":76,"minecraft:crouch_one_cm":47078,"minecraft:fall_one_cm":39861},"minecraft:dropped":{"minecraft:enchanted_book":2,"minecraft:wheat_seeds":3,"minecraft:mossy_cobblestone":3,"iceandfire:ectoplasm":4,"minecraft:copper_ingot":1,"minecraft:rail":3,"minecraft:emerald":1,"minecraft:stick":7,"minecraft:dirt":11,"minecraft:diorite":2,"minecraft:chain":2,"minecraft:sugar":1,"minecraft:paper":7,"minecraft:redstone":1,"minecraft:spruce_sapling":17,"minecraft:bone":8,"minecraft:smooth_basalt":1,"minecraft:stone_axe":1,"minecraft:raw_copper":33,"minecraft:tuff":16,"minecraft:stone_shovel":1,"minecraft:polished_deepslate_slab":1,"minecraft:rotten_flesh":3,"naturalist:cattail_fluff":12,"minecraft:polished_deepslate_stairs":2,"minecraft:poppy":1,"minecraft:potato":6,"create:veridium":24,"minecraft:spruce_planks":2,"minecraft:andesite":8,"iceandfire:silver_ingot":2,"minecraft:ladder":1,"create:limestone":34,"minecraft:arrow":17,"minecraft:wooden_pickaxe":1},"minecraft:killed_by":{"minecraft:zombie":1,"iceandfire:ghost":2},"minecraft:killed":{"minecraft:witch":2,"minecraft:spider":4,"minecraft:vindicator":1,"naturalist:tortoise":2,"minecraft:skeleton":24,"minecraft:drowned":4,"minecraft:creeper":5,"naturalist:rhino":1,"minecraft:sheep":5,"minecraft:goat":1,"minecraft:zombie":24,"iceandfire:ghost":3,"minecraft:stray":1},"minecraft:used":{"minecraft:oak_fence":41,"minecraft:iron_shovel":262,"minecraft:polished_deepslate":11,"minecraft:stone_shovel":403,"minecraft:polished_blackstone":130,"minecraft:ladder":5,"iceandfire:dragon_skull_ice":1,"minecraft:chest":101,"minecraft:spruce_planks":111,"minecraft:iron_sword":10,"minecraft:mangrove_fence":2,"minecraft:rotten_flesh":13,"minecraft:stick":4,"minecraft:torch":25,"minecraft:dirt":768,"soulsweapons:moonstone_axe":128,"minecraft:carrot":460,"minecraft:spruce_fence":32,"minecraft:spruce_boat":4,"minecraft:iron_axe":53,"iceandfire:ghost_chest":1,"minecraft:raw_gold_block":3,"soulsweapons:moonstone_hoe":335,"minecraft:golden_carrot":2,"minecraft:mangrove_roots":3,"minecraft:sweet_berries":6,"minecraft:furnace":5,"minecraft:cobbled_deepslate":21,"minecraft:water_bucket":106,"minecraft:stone_pickaxe":6,"minecraft:oak_planks":176,"minecraft:mangrove_planks":61,"soulsweapons:moonstone_pickaxe":1625,"minecraft:diamond_axe":706,"iceandfire:dragon_skull_lightning":1,"minecraft:polished_blackstone_bricks":6,"minecraft:deepslate_bricks":189,"minecraft:oak_leaves":228,"minecraft:glow_berries":19,"minecraft:oak_slab":243,"minecraft:crafting_table":3,"minecraft:blast_furnace":1,"minecraft:white_bed":1,"minecraft:shears":433,"minecraft:oak_log":117,"minecraft:apple":27,"minecraft:bread":4,"minecraft:iron_pickaxe":486,"iceandfire:graveyard_soil":1,"minecraft:spruce_sapling":14,"soulsweapons:moonstone_shovel":513,"minecraft:cobblestone":218,"minecraft:bucket":107,"minecraft:bone_meal":15},"minecraft:mined":{"create:zinc_ore":12,"naturalist:cattail":7,"create:deepslate_zinc_ore":8,"minecraft:spruce_planks":1,"minecraft:tuff":31,"iceandfire:graveyard_soil":1,"iceandfire:silver_ore":4,"minecraft:mossy_cobblestone":4,"minecraft:sculk_vein":3,"minecraft:mangrove_roots":29,"minecraft:obsidian":14,"minecraft:ladder":6,"minecraft:grass_block":641,"create:ochrum":27,"minecraft:deepslate_bricks":22,"minecraft:coal_block":13,"minecraft:spruce_leaves":4,"minecraft:moss_block":14,"minecraft:spawner":1,"minecraft:polished_blackstone_bricks":6,"minecraft:carrots":136,"minecraft:spruce_sapling":4,"minecraft:furnace":1,"minecraft:raw_gold_block":3,"minecraft:iron_ore":20,"minecraft:cobbled_deepslate":7,"treechop:chopped_log":58,"diagonalfences:minecraft/spruce_fence":8,"minecraft:polished_deepslate":3,"supplementaries:stick":4,"minecraft:deepslate_iron_ore":13,"minecraft:cave_vines":3,"minecraft:polished_deepslate_slab":1,"minecraft:vine":4,"minecraft:iron_bars":4,"minecraft:stone":923,"create:limestone":28,"minecraft:oak_slab":5,"minecraft:flowering_azalea":13,"brewery:wild_hops":3,"minecraft:blackstone":298,"minecraft:polished_deepslate_stairs":2,"minecraft:soul_fire":1,"minecraft:crafting_table":1,"minecraft:torch":1,"diagonalfences:minecraft/oak_fence":2,"minecraft:blast_furnace":1,"minecraft:calcite":53,"iceandfire:ghost_chest":1,"minecraft:chest":1,"minecraft:dead_bush":1,"minecraft:copper_ore":4,"minecraft:tall_grass":5,"minecraft:cobblestone":54,"minecraft:deepslate_gold_ore":8,"minecraft:lapis_ore":1,"minecraft:sculk":15,"minecraft:wall_torch":5,"minecraft:black_concrete_powder":1,"diagonalfences:minecraft/mangrove_fence":2,"minecraft:spruce_log":7,"minecraft:birch_leaves":3,"minecraft:mangrove_planks":2,"minecraft:mangrove_leaves":4,"minecraft:grass":57,"minecraft:coal_ore":31,"minecraft:oak_log":21,"minecraft:dripstone_block":3,"minecraft:gravel":14,"minecraft:dirt":562,"minecraft:mangrove_log":3,"minecraft:polished_blackstone":2,"minecraft:stone_bricks":1,"minecraft:gold_ore":6,"minecraft:oak_leaves":523,"minecraft:deepslate":424,"minecraft:fern":13,"soulsweapons:verglas_ore":7},"minecraft:crafted":{"minecraft:golden_carrot":25,"minecraft:oak_planks":272,"minecraft:smooth_stone":3,"minecraft:coal":9,"minecraft:stone_shovel":4,"magistuarmory:wood_heatershield":1,"minecraft:furnace":4,"minecraft:blast_furnace":1,"minecraft:stone":4,"minecraft:spruce_fence":27,"minecraft:mangrove_fence":6,"minecraft:polished_deepslate":76,"soulsweapons:moonstone_axe":1,"magistuarmory:diamond_kiteshield":1,"magistuarmory:steel_ingot":2,"minecraft:polished_blackstone":8,"minecraft:chest":104,"soulsweapons:moonstone_pickaxe":1,"minecraft:spruce_boat":2,"minecraft:oak_fence":96,"minecraft:oak_slab":276,"magistuarmory:wood_kiteshield":1,"minecraft:diamond_axe":1,"minecraft:crafting_table":1,"minecraft:spruce_planks":108,"minecraft:iron_helmet":1,"minecraft:bucket":1,"minecraft:air":0,"minecraft:string":4,"minecraft:white_wool":1,"minecraft:iron_chestplate":1,"minecraft:gold_nugget":207,"soulsweapons:moonstone_hoe":1,"minecraft:stick":44,"soulsweapons:moonstone_shovel":1,"minecraft:iron_ingot":43,"minecraft:gold_ingot":14,"minecraft:iron_leggings":2,"minecraft:white_bed":1,"minecraft:torch":40,"minecraft:deepslate_bricks":32,"minecraft:shears":2}},"DataVersion":3465}