{"stats":{"minecraft:mined":{"minecraft:spruce_planks":2,"minecraft:spruce_log":11,"treechop:chopped_log":2,"minecraft:crafting_table":2,"minecraft:oak_fence_gate":1,"minecraft:tall_grass":1,"minecraft:stone":11,"minecraft:fern":1},"minecraft:picked_up":{"minecraft:stick":5,"minecraft:crafting_table":2,"minecraft:torch":6,"minecraft:spruce_sapling":10,"minecraft:spruce_log":34,"minecraft:wheat_seeds":1,"minecraft:spruce_planks":2,"minecraft:crossbow":2,"minecraft:oak_fence_gate":1,"minecraft:emerald":12,"minecraft:cobblestone":11},"minecraft:killed":{"minecraft:pillager":8,"iceandfire:ghost":1,"minecraft:vindicator":4},"minecraft:used":{"minecraft:wooden_axe":94,"minecraft:leather_leggings":1,"minecraft:bread":5,"minecraft:stone_pickaxe":6,"minecraft:leather_helmet":2,"minecraft:spruce_planks":24,"minecraft:wooden_pickaxe":5,"aquamirae:fin":1,"minecraft:stone_axe":30,"minecraft:salmon":1,"minecraft:crafting_table":2,"minecraft:carrot":10,"minecraft:cod":4},"minecraft:killed_by":{"minecraft:vindicator":1},"minecraft:crafted":{"minecraft:crafting_table":2,"minecraft:spruce_planks":12,"minecraft:stick":4,"minecraft:wooden_pickaxe":1,"minecraft:stone_pickaxe":1,"minecraft:wooden_axe":3,"minecraft:spruce_boat":1,"minecraft:stone_axe":1,"minecraft:bread":21},"minecraft:broken":{"minecraft:wooden_axe":2},"minecraft:custom":{"minecraft:time_since_rest":16650,"lootr:looted_stat":38,"minecraft:sprint_one_cm":86427,"minecraft:damage_taken":1228,"minecraft:walk_one_cm":126270,"minecraft:trigger_trapped_chest":2,"incapacitated:times_incapped":1,"minecraft:mob_kills":16,"minecraft:damage_dealt":3193,"minecraft:swim_one_cm":4726,"minecraft:interact_with_crafting_table":10,"minecraft:fly_one_cm":101839,"minecraft:open_barrel":23,"minecraft:crouch_one_cm":469,"minecraft:play_time":30894,"minecraft:deaths":1,"minecraft:sneak_time":207,"minecraft:walk_under_water_one_cm":6309,"minecraft:jump":620,"minecraft:interact_with_blast_furnace":2,"minecraft:walk_on_water_one_cm":10414,"minecraft:time_since_death":16603,"minecraft:total_world_time":30894,"minecraft:climb_one_cm":3977,"minecraft:fall_one_cm":11528}},"DataVersion":3465}