{"stats":{"minecraft:mined":{"minecraft:spruce_planks":2,"minecraft:white_bed":8,"iceandfire:silver_ore":2,"minecraft:deepslate_diamond_ore":5,"minecraft:cave_vines_plant":2,"minecraft:grass_block":54,"minecraft:yellow_carpet":1,"minecraft:spruce_leaves":10,"minecraft:spawner":2,"minecraft:large_fern":1,"candlelight:rose":1,"minecraft:hay_block":6,"minecraft:waxed_oxidized_cut_copper":1,"minecraft:furnace":2,"minecraft:iron_ore":14,"minecraft:cobbled_deepslate":5,"minecraft:deepslate_lapis_ore":6,"treechop:chopped_log":4,"minecraft:anvil":2,"diagonalfences:minecraft/spruce_fence":4,"soulsweapons:moonstone_ore_deepslate":33,"minecraft:bookshelf":11,"minecraft:cave_vines":9,"minecraft:deepslate_iron_ore":14,"minecraft:cobblestone_slab":1,"minecraft:stone":177,"minecraft:deepslate_redstone_ore":7,"soulsweapons:verglas_ore_deepslate":8,"minecraft:crafting_table":1,"minecraft:torch":17,"minecraft:emerald_ore":1,"minecraft:chest":1,"candlelight:wild_tomatoes":4,"minecraft:tall_grass":82,"minecraft:cobblestone":40,"minecraft:lapis_ore":6,"minecraft:deepslate_gold_ore":18,"minecraft:wall_torch":13,"minecraft:coarse_dirt":2,"farm_and_charm:wild_onions":2,"minecraft:tinted_glass":4,"minecraft:yellow_wool":3,"minecraft:purple_stained_glass":2,"minecraft:yellow_bed":1,"minecraft:grass":271,"minecraft:coal_ore":17,"minecraft:gravel":3,"minecraft:dirt":36,"create:crimsite":3,"minecraft:deepslate":114,"soulsweapons:verglas_ore":5},"minecraft:dropped":{"farmersdelight:iron_knife":1,"naturalist:antler":1,"minecraft:wheat_seeds":41,"minecraft:glow_ink_sac":5,"minecraft:diamond":30,"minecraft:crafting_table":1,"soulsweapons:bluemoon_greatsword":1,"minecraft:cobblestone":1,"minecraft:book":9,"minecraft:stick":13,"minecraft:spruce_fence_gate":2,"minecraft:coast_armor_trim_smithing_template":4,"minecraft:cut_copper":14,"supplementaries:flax":2,"minecraft:string":2,"minecraft:acacia_planks":3,"horseshoes:iron_horseshoes":1,"minecraft:coarse_dirt":1,"minecraft:cobbled_deepslate":9,"minecraft:birch_sapling":1,"minecraft:yellow_wool":2,"minecraft:rotten_flesh":5,"minecraft:cobblestone_slab":33,"minecraft:shield":1,"minecraft:leather_boots":1,"minecraft:acacia_sapling":1,"soulsweapons:moonstone_pickaxe":1,"minecraft:waxed_oxidized_cut_copper":1,"minecraft:spider_eye":1,"minecraft:bow":2},"minecraft:crafted":{"minecraft:smooth_stone":3,"minecraft:cobblestone_slab":24,"naturalist:cooked_venison":2,"minecraft:furnace":2,"minecraft:blast_furnace":1,"minecraft:stone":12,"minecraft:spruce_fence":54,"minecraft:cooked_mutton":9,"magistuarmory:hilt":3,"minecraft:iron_boots":1,"magistuarmory:diamond_concavehalberd":1,"magistuarmory:steel_ingot":4,"minecraft:chest":3,"soulsweapons:moonstone_pickaxe":1,"magistuarmory:pole":1,"soulsweapons:bluemoon_greatsword":1,"minecraft:cooked_beef":5,"magistuarmory:diamond_rondache":1,"soulsweapons:bluemoon_shortsword":1,"minecraft:crafting_table":5,"minecraft:iron_helmet":1,"minecraft:yellow_carpet":3,"magistuarmory:wood_roundshield":1,"minecraft:stick":36,"minecraft:iron_pickaxe":1,"minecraft:iron_block":3,"minecraft:iron_shovel":1,"minecraft:iron_leggings":1,"minecraft:anvil":1,"minecraft:white_bed":1,"minecraft:spruce_fence_gate":1,"magistuarmory:leather_strip":12},"minecraft:picked_up":{"minecraft:crafting_table":2,"minecraft:waxed_oxidized_cut_copper":1,"minecraft:coarse_dirt":1,"minecraft:anvil":2,"minecraft:yellow_wool":4,"minecraft:lead":10,"soulsweapons:moonstone":33,"minecraft:shield":1,"minecraft:cornflower":1,"minecraft:string":3,"supplementaries:globe":1,"minecraft:cobbled_deepslate":116,"bosses_of_mass_destruction:soul_star":1,"minecraft:spruce_planks":57,"minecraft:beef":4,"candlelight:tomato_seeds":2,"minecraft:cobblestone_slab":17,"minecraft:iron_pickaxe":1,"minecraft:tinted_glass":2,"minecraft:chest":1,"minecraft:birch_sapling":2,"minecraft:furnace":2,"minecraft:dark_oak_sapling":4,"iceandfire:pixie_dust":4,"minecraft:stick":26,"minecraft:raw_iron":28,"minecraft:stone":9,"minecraft:torch":30,"minecraft:acacia_log":10,"minecraft:spruce_fence":20,"minecraft:redstone":36,"supplementaries:flax":2,"minecraft:arrow":64,"minecraft:rotten_flesh":13,"magistuarmory:steel_ingot":3,"minecraft:cut_copper":14,"minecraft:hay_block":6,"soulsweapons:bluemoon_greatsword":2,"minecraft:mutton":6,"soulsweapons:moonstone_pickaxe":1,"minecraft:white_wool":3,"minecraft:cobblestone":212,"minecraft:golden_carrot":5,"minecraft:glow_ink_sac":9,"minecraft:leather":62,"minecraft:filled_map":1,"magistuarmory:hilt":1,"supplementaries:flax_seeds":1,"minecraft:yellow_bed":1,"farm_and_charm:onion":14,"minecraft:lapis_lazuli":88,"minecraft:dirt":113,"minecraft:leather_boots":1,"minecraft:coast_armor_trim_smithing_template":8,"minecraft:bone":129,"minecraft:acacia_planks":3,"farmersdelight:iron_knife":1,"minecraft:apple":3,"minecraft:bow":2,"minecraft:wheat_seeds":54,"minecraft:raw_gold":18,"candlelight:rose":1,"candlelight:tomato":4,"minecraft:acacia_sapling":1,"minecraft:book":57,"minecraft:gravel":3,"minecraft:spruce_sapling":1,"minecraft:dark_oak_log":59,"minecraft:white_bed":4,"minecraft:spruce_log":34,"minecraft:spider_eye":1,"minecraft:spruce_fence_gate":1,"minecraft:yellow_carpet":1,"minecraft:diamond":5,"magistuarmory:leather_strip":9,"minecraft:crossbow":1,"minecraft:diamond_axe":2,"soulsweapons:verglas":11,"minecraft:emerald":3,"minecraft:ender_pearl":1,"minecraft:chorus_fruit":1,"minecraft:coal":55,"iceandfire:raw_silver":4},"minecraft:broken":{"minecraft:leather_helmet":1,"minecraft:leather_leggings":1,"minecraft:iron_axe":1,"minecraft:leather_boots":1,"minecraft:iron_sword":1,"minecraft:iron_pickaxe":1,"minecraft:iron_helmet":1},"minecraft:killed":{"minecraft:spider":5,"minecraft:skeleton":69,"minecraft:strider":1,"minecraft:creeper":1,"minecraft:sheep":4,"minecraft:zombie":20,"iceandfire:ghost":2,"iceandfire:pixie":1,"minecraft:wither_skeleton":1,"minecraft:player":2,"minecraft:enderman":2,"minecraft:cow":2},"minecraft:used":{"minecraft:iron_shovel":78,"minecraft:tinted_glass":2,"minecraft:chest":4,"minecraft:spruce_planks":65,"minecraft:shield":40,"minecraft:iron_sword":43,"supplementaries:globe":1,"minecraft:torch":33,"naturalist:cooked_venison":2,"minecraft:dirt":100,"minecraft:anvil":3,"minecraft:carrot":3,"minecraft:yellow_carpet":4,"minecraft:spruce_fence":42,"minecraft:iron_axe":47,"minecraft:birch_sapling":1,"minecraft:iron_helmet":1,"minecraft:iron_boots":1,"minecraft:bow":11,"minecraft:furnace":3,"minecraft:cooked_beef":1,"minecraft:cobbled_deepslate":107,"minecraft:acacia_planks":25,"minecraft:iron_leggings":1,"minecraft:dark_oak_sapling":4,"minecraft:cooked_mutton":9,"minecraft:ender_pearl":1,"soulsweapons:moonstone_pickaxe":229,"minecraft:cobblestone_slab":8,"minecraft:leather_boots":1,"minecraft:diamond_axe":57,"soulsweapons:bluemoon_greatsword":122,"soulsweapons:bluemoon_shortsword":181,"minecraft:crafting_table":6,"minecraft:blast_furnace":1,"minecraft:white_bed":5,"minecraft:cornflower":1,"minecraft:apple":7,"minecraft:bread":32,"minecraft:iron_pickaxe":263,"minecraft:spruce_sapling":1,"farmersdelight:ham":1,"minecraft:gravel":3,"magistuarmory:diamond_concavehalberd":52,"farmersdelight:cooked_bacon":24,"minecraft:cobblestone":179,"minecraft:pumpkin_pie":1,"minecraft:yellow_bed":1},"minecraft:custom":{"minecraft:interact_with_smithing_table":1,"lootr:looted_stat":42,"minecraft:inspect_dropper":1,"minecraft:interact_with_anvil":5,"incapacitated:times_incapped":4,"minecraft:mob_kills":114,"minecraft:animals_bred":10,"minecraft:interact_with_crafting_table":43,"minecraft:open_shulker_box":1,"minecraft:leave_game":4,"minecraft:time_since_death":89595,"minecraft:climb_one_cm":23690,"minecraft:sprint_one_cm":476870,"minecraft:walk_one_cm":830911,"minecraft:damage_blocked_by_shield":1600,"minecraft:drop":61,"minecraft:play_noteblock":2,"minecraft:talked_to_villager":9,"minecraft:play_time":205055,"minecraft:sneak_time":1101,"minecraft:deaths":2,"minecraft:walk_under_water_one_cm":13975,"minecraft:boat_one_cm":6232,"minecraft:jump":3833,"minecraft:interact_with_blast_furnace":5,"minecraft:walk_on_water_one_cm":17961,"minecraft:total_world_time":205055,"minecraft:interact_with_furnace":13,"minecraft:tune_noteblock":16,"minecraft:interact_with_loom":1,"minecraft:sleep_in_bed":10,"minecraft:time_since_rest":14119,"minecraft:damage_taken":9035,"minecraft:trigger_trapped_chest":2,"minecraft:damage_dealt":20481,"minecraft:player_kills":2,"minecraft:swim_one_cm":15504,"minecraft:fly_one_cm":438349,"minecraft:open_chest":64,"minecraft:crouch_one_cm":5461,"minecraft:fall_one_cm":90315,"minecraft:inspect_dispenser":1,"minecraft:horse_one_cm":709039}},"DataVersion":3465}