{
  "villagersGeneralConfig": {
    "healOnWake": true,
    "villagersDontBreed": false,
    "villagerBabiesRequireWorkstationAndBed": false,
    "villagersDontLookForWorkstationsAtNight": true,
    "villagersEatMelons": true,
    "villagersEatPumpkinPie": true,
    "villagersEatCookedFish": true,
    "villagersDontTrampleCrops": true,
    "noNitwitVillagers": true,
    "allNitwitVillagers": false,
    "growUpTime": 24000,
    "allBabyVillagers": false,
    "foreverYoung": false
  },
  "villagerPathfindingConfig": {
    "findPOIRange": 128,
    "pathfindingMaxRange": 256,
    "minimumPOISearchDistance": 3,
    "villagersAvoidCactus": true,
    "villagersAvoidWater": true,
    "villagersAvoidRail": true,
    "villagersAvoidTrapdoor": true,
    "villagersAvoidPowderedSnow": true,
    "villagersAvoidGlassPanes": true,
    "villagerWanderingFix": true,
    "walkTowardsTaskMaxRunTime": 2400,
    "villagersDontClimb": true,
    "villagerSafeFallDistance": 2
  },
  "villagersProfessionConfig": {
    "armorerHealsGolems": true,
    "armorerHealsGolemsRange": 32,
    "clericThrowsPotionsAtPlayers": true,
    "clericThrowsPotionsAtVillagers": true,
    "clericThrowsPotionsAtRange": 32,
    "findCropRangeHorizontal": 10,
    "findCropRangeVertical": 3,
    "preferPlantSameCrop": true,
    "farmersHarvestMelons": true,
    "farmersHarvestPumpkins": true,
    "butchersFeedChickens": false,
    "butchersFeedCows": false,
    "butchersFeedPigs": false,
    "butchersFeedRabbits": false,
    "butchersFeedSheep": false,
    "fletchersFeedChickens": false,
    "leatherworkersFeedCows": false,
    "shepherdsFeedSheep": false,
    "feedAnimalsRange": 20,
    "feedMaxAnimals": 30,
    "fishermanFish": true,
    "fishermanFindWaterRange": 10,
    "fishermanFishingWaterRange": 5,
    "librariansLookAtBooks": true
  },
  "golemsConfig": {
    "golemAggroRange": 48,
    "golemsAvoidCactus": true,
    "golemsAvoidWater": true,
    "golemsAvoidRail": true,
    "golemsAvoidTrapdoor": true,
    "golemsAvoidPowderedSnow": true,
    "golemsDontAttackPlayer": true,
    "golemsDontTrampleCrops": true,
    "villagersDontSummonGolems": false,
    "golemSpawnLimit": false,
    "golemSpawnLimitCount": 10,
    "golemSpawnLimitRange": 128,
    "golemStayNearBell": true,
    "golemMaxBellRange": 64,
    "golemMoveToShore": true,
    "golemPathfindToShoreRange": 10,
    "golemsDontClimb": true
  },
  "catsConfig": {
    "catsSpawnLimit": false,
    "catsSpawnLimitCount": 10,
    "catsSpawnLimitRange": 128,
    "villageCatsDontDespawn": false,
    "blackCatsAtAnyTime": false,
    "allBlackCats": false,
    "catsStayNearBell": true,
    "catsMaxBellRange": 128,
    "catsDontClimb": true
  },
  "animalsConfig": {
    "beesAvoidTrapdoors": true
  },
  "debugConfig": {
    "villagerStatRange": 256,
    "enableVillagerInfoOverlay": false,
    "villagerInfoShowsPath": false,
    "enableVillagerBrainDebug": false
  }
}